"","val","var","sim","dwel","room","weather"
"2",393.8,"int_conv_he","Base","E","Dorm. N","Curitiba"
"3",398.6,"int_conv_he","Base","E","Dorm. S","Curitiba"
"4",765.3,"int_conv_he","Base","E","Living","Curitiba"
"5",399,"int_conv_he","Base","NE","Dorm. 1","Curitiba"
"6",397,"int_conv_he","Base","NE","Dorm. 2","Curitiba"
"7",788.5,"int_conv_he","Base","NE","Living","Curitiba"
"8",398.6,"int_conv_he","Base","NW","Dorm. 1","Curitiba"
"9",396.9,"int_conv_he","Base","NW","Dorm. 2","Curitiba"
"10",788,"int_conv_he","Base","NW","Living","Curitiba"
"11",403.7,"int_conv_he","Base","SE","Dorm. 1","Curitiba"
"12",401,"int_conv_he","Base","SE","Dorm. 2","Curitiba"
"13",791,"int_conv_he","Base","SE","Living","Curitiba"
"14",403.4,"int_conv_he","Base","SW","Dorm. 1","Curitiba"
"15",401,"int_conv_he","Base","SW","Dorm. 2","Curitiba"
"16",791,"int_conv_he","Base","SW","Living","Curitiba"
"17",392.5,"int_conv_he","Base","W","Dorm. N","Curitiba"
"18",396.5,"int_conv_he","Base","W","Dorm. S","Curitiba"
"19",765,"int_conv_he","Base","W","Living","Curitiba"
"20",383,"int_conv_he","Base","E","Dorm. N","Rio de Janeiro"
"21",383.3,"int_conv_he","Base","E","Dorm. S","Rio de Janeiro"
"22",761.3,"int_conv_he","Base","E","Living","Rio de Janeiro"
"23",392.8,"int_conv_he","Base","NE","Dorm. 1","Rio de Janeiro"
"24",392.9,"int_conv_he","Base","NE","Dorm. 2","Rio de Janeiro"
"25",785.8,"int_conv_he","Base","NE","Living","Rio de Janeiro"
"26",392.8,"int_conv_he","Base","NW","Dorm. 1","Rio de Janeiro"
"27",392.9,"int_conv_he","Base","NW","Dorm. 2","Rio de Janeiro"
"28",785.7,"int_conv_he","Base","NW","Living","Rio de Janeiro"
"29",393.3,"int_conv_he","Base","SE","Dorm. 1","Rio de Janeiro"
"30",393.3,"int_conv_he","Base","SE","Dorm. 2","Rio de Janeiro"
"31",786.7,"int_conv_he","Base","SE","Living","Rio de Janeiro"
"32",393.3,"int_conv_he","Base","SW","Dorm. 1","Rio de Janeiro"
"33",393.3,"int_conv_he","Base","SW","Dorm. 2","Rio de Janeiro"
"34",786.7,"int_conv_he","Base","SW","Living","Rio de Janeiro"
"35",382.8,"int_conv_he","Base","W","Dorm. N","Rio de Janeiro"
"36",383.2,"int_conv_he","Base","W","Dorm. S","Rio de Janeiro"
"37",761.6,"int_conv_he","Base","W","Living","Rio de Janeiro"
"38",386.3,"int_conv_he","Base","E","Dorm. N","São Paulo"
"39",388.5,"int_conv_he","Base","E","Dorm. S","São Paulo"
"40",762.5,"int_conv_he","Base","E","Living","São Paulo"
"41",394.5,"int_conv_he","Base","NE","Dorm. 1","São Paulo"
"42",394,"int_conv_he","Base","NE","Dorm. 2","São Paulo"
"43",787,"int_conv_he","Base","NE","Living","São Paulo"
"44",394.4,"int_conv_he","Base","NW","Dorm. 1","São Paulo"
"45",394,"int_conv_he","Base","NW","Dorm. 2","São Paulo"
"46",786.8,"int_conv_he","Base","NW","Living","São Paulo"
"47",395.7,"int_conv_he","Base","SE","Dorm. 1","São Paulo"
"48",394.7,"int_conv_he","Base","SE","Dorm. 2","São Paulo"
"49",787.7,"int_conv_he","Base","SE","Living","São Paulo"
"50",395.6,"int_conv_he","Base","SW","Dorm. 1","São Paulo"
"51",394.7,"int_conv_he","Base","SW","Dorm. 2","São Paulo"
"52",787.7,"int_conv_he","Base","SW","Living","São Paulo"
"53",385.9,"int_conv_he","Base","W","Dorm. N","São Paulo"
"54",387.8,"int_conv_he","Base","W","Dorm. S","São Paulo"
"55",762.8,"int_conv_he","Base","W","Living","São Paulo"
"56",393.6,"int_conv_he","Simp.","E","Dorm. N","Curitiba"
"57",397.4,"int_conv_he","Simp.","E","Dorm. S","Curitiba"
"58",764.5,"int_conv_he","Simp.","E","Living","Curitiba"
"59",398.6,"int_conv_he","Simp.","NE","Dorm. 1","Curitiba"
"60",396.7,"int_conv_he","Simp.","NE","Dorm. 2","Curitiba"
"61",787.8,"int_conv_he","Simp.","NE","Living","Curitiba"
"62",398.5,"int_conv_he","Simp.","NW","Dorm. 1","Curitiba"
"63",396.7,"int_conv_he","Simp.","NW","Dorm. 2","Curitiba"
"64",787.8,"int_conv_he","Simp.","NW","Living","Curitiba"
"65",402.4,"int_conv_he","Simp.","SE","Dorm. 1","Curitiba"
"66",399.7,"int_conv_he","Simp.","SE","Dorm. 2","Curitiba"
"67",789.7,"int_conv_he","Simp.","SE","Living","Curitiba"
"68",402.1,"int_conv_he","Simp.","SW","Dorm. 1","Curitiba"
"69",399.7,"int_conv_he","Simp.","SW","Dorm. 2","Curitiba"
"70",789.7,"int_conv_he","Simp.","SW","Living","Curitiba"
"71",392.5,"int_conv_he","Simp.","W","Dorm. N","Curitiba"
"72",395.6,"int_conv_he","Simp.","W","Dorm. S","Curitiba"
"73",764.3,"int_conv_he","Simp.","W","Living","Curitiba"
"74",383,"int_conv_he","Simp.","E","Dorm. N","Rio de Janeiro"
"75",383.3,"int_conv_he","Simp.","E","Dorm. S","Rio de Janeiro"
"76",761.2,"int_conv_he","Simp.","E","Living","Rio de Janeiro"
"77",392.8,"int_conv_he","Simp.","NE","Dorm. 1","Rio de Janeiro"
"78",392.9,"int_conv_he","Simp.","NE","Dorm. 2","Rio de Janeiro"
"79",785.7,"int_conv_he","Simp.","NE","Living","Rio de Janeiro"
"80",392.8,"int_conv_he","Simp.","NW","Dorm. 1","Rio de Janeiro"
"81",392.9,"int_conv_he","Simp.","NW","Dorm. 2","Rio de Janeiro"
"82",785.7,"int_conv_he","Simp.","NW","Living","Rio de Janeiro"
"83",393.2,"int_conv_he","Simp.","SE","Dorm. 1","Rio de Janeiro"
"84",393.2,"int_conv_he","Simp.","SE","Dorm. 2","Rio de Janeiro"
"85",786.6,"int_conv_he","Simp.","SE","Living","Rio de Janeiro"
"86",393.2,"int_conv_he","Simp.","SW","Dorm. 1","Rio de Janeiro"
"87",393.2,"int_conv_he","Simp.","SW","Dorm. 2","Rio de Janeiro"
"88",786.6,"int_conv_he","Simp.","SW","Living","Rio de Janeiro"
"89",382.8,"int_conv_he","Simp.","W","Dorm. N","Rio de Janeiro"
"90",383.1,"int_conv_he","Simp.","W","Dorm. S","Rio de Janeiro"
"91",761.5,"int_conv_he","Simp.","W","Living","Rio de Janeiro"
"92",386,"int_conv_he","Simp.","E","Dorm. N","São Paulo"
"93",387.6,"int_conv_he","Simp.","E","Dorm. S","São Paulo"
"94",762.5,"int_conv_he","Simp.","E","Living","São Paulo"
"95",394.3,"int_conv_he","Simp.","NE","Dorm. 1","São Paulo"
"96",393.9,"int_conv_he","Simp.","NE","Dorm. 2","São Paulo"
"97",786.9,"int_conv_he","Simp.","NE","Living","São Paulo"
"98",394.3,"int_conv_he","Simp.","NW","Dorm. 1","São Paulo"
"99",393.9,"int_conv_he","Simp.","NW","Dorm. 2","São Paulo"
"100",786.9,"int_conv_he","Simp.","NW","Living","São Paulo"
"101",395,"int_conv_he","Simp.","SE","Dorm. 1","São Paulo"
"102",394.3,"int_conv_he","Simp.","SE","Dorm. 2","São Paulo"
"103",787.6,"int_conv_he","Simp.","SE","Living","São Paulo"
"104",394.9,"int_conv_he","Simp.","SW","Dorm. 1","São Paulo"
"105",394.3,"int_conv_he","Simp.","SW","Dorm. 2","São Paulo"
"106",787.6,"int_conv_he","Simp.","SW","Living","São Paulo"
"107",385.7,"int_conv_he","Simp.","W","Dorm. N","São Paulo"
"108",387,"int_conv_he","Simp.","W","Dorm. S","São Paulo"
"109",762.7,"int_conv_he","Simp.","W","Living","São Paulo"
"110",43.8,"conv_hge_floor","Base","E","Dorm. N","Curitiba"
"111",86.1,"conv_hge_floor","Base","E","Dorm. S","Curitiba"
"112",167.2,"conv_hge_floor","Base","E","Living","Curitiba"
"113",39.5,"conv_hge_floor","Base","NE","Dorm. 1","Curitiba"
"114",28.7,"conv_hge_floor","Base","NE","Dorm. 2","Curitiba"
"115",206.4,"conv_hge_floor","Base","NE","Living","Curitiba"
"116",36.9,"conv_hge_floor","Base","NW","Dorm. 1","Curitiba"
"117",26.7,"conv_hge_floor","Base","NW","Dorm. 2","Curitiba"
"118",193.7,"conv_hge_floor","Base","NW","Living","Curitiba"
"119",94.5,"conv_hge_floor","Base","SE","Dorm. 1","Curitiba"
"120",75.6,"conv_hge_floor","Base","SE","Dorm. 2","Curitiba"
"121",212.3,"conv_hge_floor","Base","SE","Living","Curitiba"
"122",93.2,"conv_hge_floor","Base","SW","Dorm. 1","Curitiba"
"123",75.6,"conv_hge_floor","Base","SW","Dorm. 2","Curitiba"
"124",212,"conv_hge_floor","Base","SW","Living","Curitiba"
"125",40.9,"conv_hge_floor","Base","W","Dorm. N","Curitiba"
"126",79.3,"conv_hge_floor","Base","W","Dorm. S","Curitiba"
"127",213.6,"conv_hge_floor","Base","W","Living","Curitiba"
"128",241.1,"conv_hge_floor","Base","E","Dorm. N","Rio de Janeiro"
"129",260.2,"conv_hge_floor","Base","E","Dorm. S","Rio de Janeiro"
"130",483.6,"conv_hge_floor","Base","E","Living","Rio de Janeiro"
"131",355.7,"conv_hge_floor","Base","NE","Dorm. 1","Rio de Janeiro"
"132",361.8,"conv_hge_floor","Base","NE","Dorm. 2","Rio de Janeiro"
"133",680,"conv_hge_floor","Base","NE","Living","Rio de Janeiro"
"134",356.5,"conv_hge_floor","Base","NW","Dorm. 1","Rio de Janeiro"
"135",361.2,"conv_hge_floor","Base","NW","Dorm. 2","Rio de Janeiro"
"136",680.9,"conv_hge_floor","Base","NW","Living","Rio de Janeiro"
"137",386.7,"conv_hge_floor","Base","SE","Dorm. 1","Rio de Janeiro"
"138",389.1,"conv_hge_floor","Base","SE","Dorm. 2","Rio de Janeiro"
"139",649.9,"conv_hge_floor","Base","SE","Living","Rio de Janeiro"
"140",388.4,"conv_hge_floor","Base","SW","Dorm. 1","Rio de Janeiro"
"141",389.2,"conv_hge_floor","Base","SW","Dorm. 2","Rio de Janeiro"
"142",650.3,"conv_hge_floor","Base","SW","Living","Rio de Janeiro"
"143",253.1,"conv_hge_floor","Base","W","Dorm. N","Rio de Janeiro"
"144",273.9,"conv_hge_floor","Base","W","Dorm. S","Rio de Janeiro"
"145",571.8,"conv_hge_floor","Base","W","Living","Rio de Janeiro"
"146",92.1,"conv_hge_floor","Base","E","Dorm. N","São Paulo"
"147",122.9,"conv_hge_floor","Base","E","Dorm. S","São Paulo"
"148",261.3,"conv_hge_floor","Base","E","Living","São Paulo"
"149",134.1,"conv_hge_floor","Base","NE","Dorm. 1","São Paulo"
"150",133.1,"conv_hge_floor","Base","NE","Dorm. 2","São Paulo"
"151",359.6,"conv_hge_floor","Base","NE","Living","São Paulo"
"152",134,"conv_hge_floor","Base","NW","Dorm. 1","São Paulo"
"153",132.1,"conv_hge_floor","Base","NW","Dorm. 2","São Paulo"
"154",355.6,"conv_hge_floor","Base","NW","Living","São Paulo"
"155",173.4,"conv_hge_floor","Base","SE","Dorm. 1","São Paulo"
"156",166.2,"conv_hge_floor","Base","SE","Dorm. 2","São Paulo"
"157",347.1,"conv_hge_floor","Base","SE","Living","São Paulo"
"158",174.2,"conv_hge_floor","Base","SW","Dorm. 1","São Paulo"
"159",166.2,"conv_hge_floor","Base","SW","Dorm. 2","São Paulo"
"160",347.3,"conv_hge_floor","Base","SW","Living","São Paulo"
"161",101.1,"conv_hge_floor","Base","W","Dorm. N","São Paulo"
"162",131.2,"conv_hge_floor","Base","W","Dorm. S","São Paulo"
"163",323.5,"conv_hge_floor","Base","W","Living","São Paulo"
"164",47.6,"conv_hge_floor","Simp.","E","Dorm. N","Curitiba"
"165",80.5,"conv_hge_floor","Simp.","E","Dorm. S","Curitiba"
"166",171.4,"conv_hge_floor","Simp.","E","Living","Curitiba"
"167",44.4,"conv_hge_floor","Simp.","NE","Dorm. 1","Curitiba"
"168",34.8,"conv_hge_floor","Simp.","NE","Dorm. 2","Curitiba"
"169",206.1,"conv_hge_floor","Simp.","NE","Living","Curitiba"
"170",44.3,"conv_hge_floor","Simp.","NW","Dorm. 1","Curitiba"
"171",34.8,"conv_hge_floor","Simp.","NW","Dorm. 2","Curitiba"
"172",205.9,"conv_hge_floor","Simp.","NW","Living","Curitiba"
"173",88.3,"conv_hge_floor","Simp.","SE","Dorm. 1","Curitiba"
"174",71.3,"conv_hge_floor","Simp.","SE","Dorm. 2","Curitiba"
"175",211.6,"conv_hge_floor","Simp.","SE","Living","Curitiba"
"176",87.6,"conv_hge_floor","Simp.","SW","Dorm. 1","Curitiba"
"177",71.3,"conv_hge_floor","Simp.","SW","Dorm. 2","Curitiba"
"178",211.4,"conv_hge_floor","Simp.","SW","Living","Curitiba"
"179",45.6,"conv_hge_floor","Simp.","W","Dorm. N","Curitiba"
"180",75.3,"conv_hge_floor","Simp.","W","Dorm. S","Curitiba"
"181",217.4,"conv_hge_floor","Simp.","W","Living","Curitiba"
"182",253.7,"conv_hge_floor","Simp.","E","Dorm. N","Rio de Janeiro"
"183",269.1,"conv_hge_floor","Simp.","E","Dorm. S","Rio de Janeiro"
"184",502.2,"conv_hge_floor","Simp.","E","Living","Rio de Janeiro"
"185",372.4,"conv_hge_floor","Simp.","NE","Dorm. 1","Rio de Janeiro"
"186",378.1,"conv_hge_floor","Simp.","NE","Dorm. 2","Rio de Janeiro"
"187",702.7,"conv_hge_floor","Simp.","NE","Living","Rio de Janeiro"
"188",373.7,"conv_hge_floor","Simp.","NW","Dorm. 1","Rio de Janeiro"
"189",378,"conv_hge_floor","Simp.","NW","Dorm. 2","Rio de Janeiro"
"190",702.4,"conv_hge_floor","Simp.","NW","Living","Rio de Janeiro"
"191",398,"conv_hge_floor","Simp.","SE","Dorm. 1","Rio de Janeiro"
"192",399.9,"conv_hge_floor","Simp.","SE","Dorm. 2","Rio de Janeiro"
"193",670.8,"conv_hge_floor","Simp.","SE","Living","Rio de Janeiro"
"194",399.5,"conv_hge_floor","Simp.","SW","Dorm. 1","Rio de Janeiro"
"195",399.9,"conv_hge_floor","Simp.","SW","Dorm. 2","Rio de Janeiro"
"196",670.8,"conv_hge_floor","Simp.","SW","Living","Rio de Janeiro"
"197",265.5,"conv_hge_floor","Simp.","W","Dorm. N","Rio de Janeiro"
"198",282.1,"conv_hge_floor","Simp.","W","Dorm. S","Rio de Janeiro"
"199",587,"conv_hge_floor","Simp.","W","Living","Rio de Janeiro"
"200",96.9,"conv_hge_floor","Simp.","E","Dorm. N","São Paulo"
"201",121.1,"conv_hge_floor","Simp.","E","Dorm. S","São Paulo"
"202",269.5,"conv_hge_floor","Simp.","E","Living","São Paulo"
"203",141,"conv_hge_floor","Simp.","NE","Dorm. 1","São Paulo"
"204",140.6,"conv_hge_floor","Simp.","NE","Dorm. 2","São Paulo"
"205",367.9,"conv_hge_floor","Simp.","NE","Living","São Paulo"
"206",142,"conv_hge_floor","Simp.","NW","Dorm. 1","São Paulo"
"207",140.6,"conv_hge_floor","Simp.","NW","Dorm. 2","São Paulo"
"208",367.7,"conv_hge_floor","Simp.","NW","Living","São Paulo"
"209",172.8,"conv_hge_floor","Simp.","SE","Dorm. 1","São Paulo"
"210",167.1,"conv_hge_floor","Simp.","SE","Dorm. 2","São Paulo"
"211",353.8,"conv_hge_floor","Simp.","SE","Living","São Paulo"
"212",173.7,"conv_hge_floor","Simp.","SW","Dorm. 1","São Paulo"
"213",167.1,"conv_hge_floor","Simp.","SW","Dorm. 2","São Paulo"
"214",353.8,"conv_hge_floor","Simp.","SW","Living","São Paulo"
"215",106.1,"conv_hge_floor","Simp.","W","Dorm. N","São Paulo"
"216",129.5,"conv_hge_floor","Simp.","W","Dorm. S","São Paulo"
"217",329.9,"conv_hge_floor","Simp.","W","Living","São Paulo"
"218",37.5,"conv_hge_roof","Base","E","Dorm. N","Curitiba"
"219",-6.1,"conv_hge_roof","Base","E","Dorm. S","Curitiba"
"220",107.1,"conv_hge_roof","Base","E","Living","Curitiba"
"221",76.2,"conv_hge_roof","Base","NE","Dorm. 1","Curitiba"
"222",86.2,"conv_hge_roof","Base","NE","Dorm. 2","Curitiba"
"223",104.7,"conv_hge_roof","Base","NE","Living","Curitiba"
"224",81.5,"conv_hge_roof","Base","NW","Dorm. 1","Curitiba"
"225",90.7,"conv_hge_roof","Base","NW","Dorm. 2","Curitiba"
"226",251.3,"conv_hge_roof","Base","NW","Living","Curitiba"
"227",14.9,"conv_hge_roof","Base","SE","Dorm. 1","Curitiba"
"228",22.8,"conv_hge_roof","Base","SE","Dorm. 2","Curitiba"
"229",77.2,"conv_hge_roof","Base","SE","Living","Curitiba"
"230",16.7,"conv_hge_roof","Base","SW","Dorm. 1","Curitiba"
"231",22.9,"conv_hge_roof","Base","SW","Dorm. 2","Curitiba"
"232",77.8,"conv_hge_roof","Base","SW","Living","Curitiba"
"233",46,"conv_hge_roof","Base","W","Dorm. N","Curitiba"
"234",-0.5,"conv_hge_roof","Base","W","Dorm. S","Curitiba"
"235",172.6,"conv_hge_roof","Base","W","Living","Curitiba"
"236",154.4,"conv_hge_roof","Base","E","Dorm. N","Rio de Janeiro"
"237",97.9,"conv_hge_roof","Base","E","Dorm. S","Rio de Janeiro"
"238",316.6,"conv_hge_roof","Base","E","Living","Rio de Janeiro"
"239",223.3,"conv_hge_roof","Base","NE","Dorm. 1","Rio de Janeiro"
"240",218.5,"conv_hge_roof","Base","NE","Dorm. 2","Rio de Janeiro"
"241",319.6,"conv_hge_roof","Base","NE","Living","Rio de Janeiro"
"242",227,"conv_hge_roof","Base","NW","Dorm. 1","Rio de Janeiro"
"243",223.2,"conv_hge_roof","Base","NW","Dorm. 2","Rio de Janeiro"
"244",483.3,"conv_hge_roof","Base","NW","Living","Rio de Janeiro"
"245",144.6,"conv_hge_roof","Base","SE","Dorm. 1","Rio de Janeiro"
"246",139.8,"conv_hge_roof","Base","SE","Dorm. 2","Rio de Janeiro"
"247",276.8,"conv_hge_roof","Base","SE","Living","Rio de Janeiro"
"248",144.4,"conv_hge_roof","Base","SW","Dorm. 1","Rio de Janeiro"
"249",139.8,"conv_hge_roof","Base","SW","Dorm. 2","Rio de Janeiro"
"250",276.8,"conv_hge_roof","Base","SW","Living","Rio de Janeiro"
"251",164.1,"conv_hge_roof","Base","W","Dorm. N","Rio de Janeiro"
"252",106.3,"conv_hge_roof","Base","W","Dorm. S","Rio de Janeiro"
"253",354.1,"conv_hge_roof","Base","W","Living","Rio de Janeiro"
"254",79.9,"conv_hge_roof","Base","E","Dorm. N","São Paulo"
"255",34,"conv_hge_roof","Base","E","Dorm. S","São Paulo"
"256",200.7,"conv_hge_roof","Base","E","Living","São Paulo"
"257",129.9,"conv_hge_roof","Base","NE","Dorm. 1","São Paulo"
"258",135.1,"conv_hge_roof","Base","NE","Dorm. 2","São Paulo"
"259",197.7,"conv_hge_roof","Base","NE","Living","São Paulo"
"260",133.6,"conv_hge_roof","Base","NW","Dorm. 1","São Paulo"
"261",139.5,"conv_hge_roof","Base","NW","Dorm. 2","São Paulo"
"262",340,"conv_hge_roof","Base","NW","Living","São Paulo"
"263",64.1,"conv_hge_roof","Base","SE","Dorm. 1","São Paulo"
"264",69.1,"conv_hge_roof","Base","SE","Dorm. 2","São Paulo"
"265",165.7,"conv_hge_roof","Base","SE","Living","São Paulo"
"266",64.2,"conv_hge_roof","Base","SW","Dorm. 1","São Paulo"
"267",69.1,"conv_hge_roof","Base","SW","Dorm. 2","São Paulo"
"268",165.8,"conv_hge_roof","Base","SW","Living","São Paulo"
"269",85.8,"conv_hge_roof","Base","W","Dorm. N","São Paulo"
"270",37.9,"conv_hge_roof","Base","W","Dorm. S","São Paulo"
"271",230.9,"conv_hge_roof","Base","W","Living","São Paulo"
"272",24.2,"conv_hge_roof","Simp.","E","Dorm. N","Curitiba"
"273",9.4,"conv_hge_roof","Simp.","E","Dorm. S","Curitiba"
"274",103,"conv_hge_roof","Simp.","E","Living","Curitiba"
"275",50.3,"conv_hge_roof","Simp.","NE","Dorm. 1","Curitiba"
"276",56.1,"conv_hge_roof","Simp.","NE","Dorm. 2","Curitiba"
"277",191.5,"conv_hge_roof","Simp.","NE","Living","Curitiba"
"278",51.3,"conv_hge_roof","Simp.","NW","Dorm. 1","Curitiba"
"279",56.1,"conv_hge_roof","Simp.","NW","Dorm. 2","Curitiba"
"280",191.4,"conv_hge_roof","Simp.","NW","Living","Curitiba"
"281",27.2,"conv_hge_roof","Simp.","SE","Dorm. 1","Curitiba"
"282",30.9,"conv_hge_roof","Simp.","SE","Dorm. 2","Curitiba"
"283",102.6,"conv_hge_roof","Simp.","SE","Living","Curitiba"
"284",28.1,"conv_hge_roof","Simp.","SW","Dorm. 1","Curitiba"
"285",30.9,"conv_hge_roof","Simp.","SW","Dorm. 2","Curitiba"
"286",102.7,"conv_hge_roof","Simp.","SW","Living","Curitiba"
"287",29.9,"conv_hge_roof","Simp.","W","Dorm. N","Curitiba"
"288",12.6,"conv_hge_roof","Simp.","W","Dorm. S","Curitiba"
"289",145.4,"conv_hge_roof","Simp.","W","Living","Curitiba"
"290",143.3,"conv_hge_roof","Simp.","E","Dorm. N","Rio de Janeiro"
"291",116.2,"conv_hge_roof","Simp.","E","Dorm. S","Rio de Janeiro"
"292",310.6,"conv_hge_roof","Simp.","E","Living","Rio de Janeiro"
"293",209.7,"conv_hge_roof","Simp.","NE","Dorm. 1","Rio de Janeiro"
"294",209,"conv_hge_roof","Simp.","NE","Dorm. 2","Rio de Janeiro"
"295",451,"conv_hge_roof","Simp.","NE","Living","Rio de Janeiro"
"296",210,"conv_hge_roof","Simp.","NW","Dorm. 1","Rio de Janeiro"
"297",208.9,"conv_hge_roof","Simp.","NW","Dorm. 2","Rio de Janeiro"
"298",450.8,"conv_hge_roof","Simp.","NW","Living","Rio de Janeiro"
"299",170.2,"conv_hge_roof","Simp.","SE","Dorm. 1","Rio de Janeiro"
"300",168.7,"conv_hge_roof","Simp.","SE","Dorm. 2","Rio de Janeiro"
"301",328.4,"conv_hge_roof","Simp.","SE","Living","Rio de Janeiro"
"302",170.4,"conv_hge_roof","Simp.","SW","Dorm. 1","Rio de Janeiro"
"303",168.7,"conv_hge_roof","Simp.","SW","Dorm. 2","Rio de Janeiro"
"304",328.2,"conv_hge_roof","Simp.","SW","Living","Rio de Janeiro"
"305",154.3,"conv_hge_roof","Simp.","W","Dorm. N","Rio de Janeiro"
"306",126,"conv_hge_roof","Simp.","W","Dorm. S","Rio de Janeiro"
"307",342.7,"conv_hge_roof","Simp.","W","Living","Rio de Janeiro"
"308",65.7,"conv_hge_roof","Simp.","E","Dorm. N","São Paulo"
"309",46.8,"conv_hge_roof","Simp.","E","Dorm. S","São Paulo"
"310",188.8,"conv_hge_roof","Simp.","E","Living","São Paulo"
"311",106.6,"conv_hge_roof","Simp.","NE","Dorm. 1","São Paulo"
"312",111.2,"conv_hge_roof","Simp.","NE","Dorm. 2","São Paulo"
"313",290.6,"conv_hge_roof","Simp.","NE","Living","São Paulo"
"314",106.8,"conv_hge_roof","Simp.","NW","Dorm. 1","São Paulo"
"315",111.2,"conv_hge_roof","Simp.","NW","Dorm. 2","São Paulo"
"316",290.4,"conv_hge_roof","Simp.","NW","Living","São Paulo"
"317",76.9,"conv_hge_roof","Simp.","SE","Dorm. 1","São Paulo"
"318",80.5,"conv_hge_roof","Simp.","SE","Dorm. 2","São Paulo"
"319",193,"conv_hge_roof","Simp.","SE","Living","São Paulo"
"320",77.1,"conv_hge_roof","Simp.","SW","Dorm. 1","São Paulo"
"321",80.5,"conv_hge_roof","Simp.","SW","Dorm. 2","São Paulo"
"322",193,"conv_hge_roof","Simp.","SW","Living","São Paulo"
"323",72,"conv_hge_roof","Simp.","W","Dorm. N","São Paulo"
"324",51.3,"conv_hge_roof","Simp.","W","Dorm. S","São Paulo"
"325",213.8,"conv_hge_roof","Simp.","W","Living","São Paulo"
"326",-93.4,"conv_hge_walls","Base","E","Dorm. N","Curitiba"
"327",-176.2,"conv_hge_walls","Base","E","Dorm. S","Curitiba"
"328",167,"conv_hge_walls","Base","E","Living","Curitiba"
"329",36,"conv_hge_walls","Base","NE","Dorm. 1","Curitiba"
"330",104.6,"conv_hge_walls","Base","NE","Dorm. 2","Curitiba"
"331",403.5,"conv_hge_walls","Base","NE","Living","Curitiba"
"332",52.9,"conv_hge_walls","Base","NW","Dorm. 1","Curitiba"
"333",113.7,"conv_hge_walls","Base","NW","Dorm. 2","Curitiba"
"334",427.1,"conv_hge_walls","Base","NW","Living","Curitiba"
"335",-86.4,"conv_hge_walls","Base","SE","Dorm. 1","Curitiba"
"336",-26.5,"conv_hge_walls","Base","SE","Dorm. 2","Curitiba"
"337",57,"conv_hge_walls","Base","SE","Living","Curitiba"
"338",-77.1,"conv_hge_walls","Base","SW","Dorm. 1","Curitiba"
"339",-26.3,"conv_hge_walls","Base","SW","Dorm. 2","Curitiba"
"340",58.3,"conv_hge_walls","Base","SW","Living","Curitiba"
"341",-23.1,"conv_hge_walls","Base","W","Dorm. N","Curitiba"
"342",-107.9,"conv_hge_walls","Base","W","Dorm. S","Curitiba"
"343",390.4,"conv_hge_walls","Base","W","Living","Curitiba"
"344",731.5,"conv_hge_walls","Base","E","Dorm. N","Rio de Janeiro"
"345",581.9,"conv_hge_walls","Base","E","Dorm. S","Rio de Janeiro"
"346",1142.4,"conv_hge_walls","Base","E","Living","Rio de Janeiro"
"347",893.8,"conv_hge_walls","Base","NE","Dorm. 1","Rio de Janeiro"
"348",890.7,"conv_hge_walls","Base","NE","Dorm. 2","Rio de Janeiro"
"349",1378.4,"conv_hge_walls","Base","NE","Living","Rio de Janeiro"
"350",908.2,"conv_hge_walls","Base","NW","Dorm. 1","Rio de Janeiro"
"351",904.1,"conv_hge_walls","Base","NW","Dorm. 2","Rio de Janeiro"
"352",1424.2,"conv_hge_walls","Base","NW","Living","Rio de Janeiro"
"353",680.9,"conv_hge_walls","Base","SE","Dorm. 1","Rio de Janeiro"
"354",670.1,"conv_hge_walls","Base","SE","Dorm. 2","Rio de Janeiro"
"355",896.3,"conv_hge_walls","Base","SE","Living","Rio de Janeiro"
"356",684,"conv_hge_walls","Base","SW","Dorm. 1","Rio de Janeiro"
"357",670.2,"conv_hge_walls","Base","SW","Dorm. 2","Rio de Janeiro"
"358",896,"conv_hge_walls","Base","SW","Living","Rio de Janeiro"
"359",781.6,"conv_hge_walls","Base","W","Dorm. N","Rio de Janeiro"
"360",631.5,"conv_hge_walls","Base","W","Dorm. S","Rio de Janeiro"
"361",1335.3,"conv_hge_walls","Base","W","Living","Rio de Janeiro"
"362",206.5,"conv_hge_walls","Base","E","Dorm. N","São Paulo"
"363",101.4,"conv_hge_walls","Base","E","Dorm. S","São Paulo"
"364",567.4,"conv_hge_walls","Base","E","Living","São Paulo"
"365",346.1,"conv_hge_walls","Base","NE","Dorm. 1","São Paulo"
"366",392.9,"conv_hge_walls","Base","NE","Dorm. 2","São Paulo"
"367",769.6,"conv_hge_walls","Base","NE","Living","São Paulo"
"368",358.4,"conv_hge_walls","Base","NW","Dorm. 1","São Paulo"
"369",404.1,"conv_hge_walls","Base","NW","Dorm. 2","São Paulo"
"370",803.1,"conv_hge_walls","Base","NW","Living","São Paulo"
"371",186.7,"conv_hge_walls","Base","SE","Dorm. 1","São Paulo"
"372",224.7,"conv_hge_walls","Base","SE","Dorm. 2","São Paulo"
"373",390.7,"conv_hge_walls","Base","SE","Living","São Paulo"
"374",189.5,"conv_hge_walls","Base","SW","Dorm. 1","São Paulo"
"375",224.7,"conv_hge_walls","Base","SW","Dorm. 2","São Paulo"
"376",390.6,"conv_hge_walls","Base","SW","Living","São Paulo"
"377",246.4,"conv_hge_walls","Base","W","Dorm. N","São Paulo"
"378",140.4,"conv_hge_walls","Base","W","Dorm. S","São Paulo"
"379",708.2,"conv_hge_walls","Base","W","Living","São Paulo"
"380",-89.2,"conv_hge_walls","Simp.","E","Dorm. N","Curitiba"
"381",-170.9,"conv_hge_walls","Simp.","E","Dorm. S","Curitiba"
"382",184.2,"conv_hge_walls","Simp.","E","Living","Curitiba"
"383",43.8,"conv_hge_walls","Simp.","NE","Dorm. 1","Curitiba"
"384",109.2,"conv_hge_walls","Simp.","NE","Dorm. 2","Curitiba"
"385",421,"conv_hge_walls","Simp.","NE","Living","Curitiba"
"386",52.1,"conv_hge_walls","Simp.","NW","Dorm. 1","Curitiba"
"387",108.9,"conv_hge_walls","Simp.","NW","Dorm. 2","Curitiba"
"388",420,"conv_hge_walls","Simp.","NW","Living","Curitiba"
"389",-78.4,"conv_hge_walls","Simp.","SE","Dorm. 1","Curitiba"
"390",-15.8,"conv_hge_walls","Simp.","SE","Dorm. 2","Curitiba"
"391",88.5,"conv_hge_walls","Simp.","SE","Living","Curitiba"
"392",-70.1,"conv_hge_walls","Simp.","SW","Dorm. 1","Curitiba"
"393",-15.7,"conv_hge_walls","Simp.","SW","Dorm. 2","Curitiba"
"394",88.8,"conv_hge_walls","Simp.","SW","Living","Curitiba"
"395",-22.1,"conv_hge_walls","Simp.","W","Dorm. N","Curitiba"
"396",-104.4,"conv_hge_walls","Simp.","W","Dorm. S","Curitiba"
"397",398.6,"conv_hge_walls","Simp.","W","Living","Curitiba"
"398",745.3,"conv_hge_walls","Simp.","E","Dorm. N","Rio de Janeiro"
"399",607.6,"conv_hge_walls","Simp.","E","Dorm. S","Rio de Janeiro"
"400",1177.4,"conv_hge_walls","Simp.","E","Living","Rio de Janeiro"
"401",924.9,"conv_hge_walls","Simp.","NE","Dorm. 1","Rio de Janeiro"
"402",923.6,"conv_hge_walls","Simp.","NE","Dorm. 2","Rio de Janeiro"
"403",1440.5,"conv_hge_walls","Simp.","NE","Living","Rio de Janeiro"
"404",927.6,"conv_hge_walls","Simp.","NW","Dorm. 1","Rio de Janeiro"
"405",923.3,"conv_hge_walls","Simp.","NW","Dorm. 2","Rio de Janeiro"
"406",1438.7,"conv_hge_walls","Simp.","NW","Living","Rio de Janeiro"
"407",725.5,"conv_hge_walls","Simp.","SE","Dorm. 1","Rio de Janeiro"
"408",722.9,"conv_hge_walls","Simp.","SE","Dorm. 2","Rio de Janeiro"
"409",972,"conv_hge_walls","Simp.","SE","Living","Rio de Janeiro"
"410",728.8,"conv_hge_walls","Simp.","SW","Dorm. 1","Rio de Janeiro"
"411",722.9,"conv_hge_walls","Simp.","SW","Dorm. 2","Rio de Janeiro"
"412",971.1,"conv_hge_walls","Simp.","SW","Living","Rio de Janeiro"
"413",793.9,"conv_hge_walls","Simp.","W","Dorm. N","Rio de Janeiro"
"414",657.4,"conv_hge_walls","Simp.","W","Dorm. S","Rio de Janeiro"
"415",1365.2,"conv_hge_walls","Simp.","W","Living","Rio de Janeiro"
"416",210.4,"conv_hge_walls","Simp.","E","Dorm. N","São Paulo"
"417",110,"conv_hge_walls","Simp.","E","Dorm. S","São Paulo"
"418",586.2,"conv_hge_walls","Simp.","E","Living","São Paulo"
"419",357.7,"conv_hge_walls","Simp.","NE","Dorm. 1","São Paulo"
"420",403.4,"conv_hge_walls","Simp.","NE","Dorm. 2","São Paulo"
"421",802.3,"conv_hge_walls","Simp.","NE","Living","São Paulo"
"422",360.2,"conv_hge_walls","Simp.","NW","Dorm. 1","São Paulo"
"423",403.1,"conv_hge_walls","Simp.","NW","Dorm. 2","São Paulo"
"424",800.9,"conv_hge_walls","Simp.","NW","Living","São Paulo"
"425",204.1,"conv_hge_walls","Simp.","SE","Dorm. 1","São Paulo"
"426",247.2,"conv_hge_walls","Simp.","SE","Dorm. 2","São Paulo"
"427",433.1,"conv_hge_walls","Simp.","SE","Living","São Paulo"
"428",207.1,"conv_hge_walls","Simp.","SW","Dorm. 1","São Paulo"
"429",247.2,"conv_hge_walls","Simp.","SW","Dorm. 2","São Paulo"
"430",432.7,"conv_hge_walls","Simp.","SW","Living","São Paulo"
"431",248.8,"conv_hge_walls","Simp.","W","Dorm. N","São Paulo"
"432",149.3,"conv_hge_walls","Simp.","W","Dorm. S","São Paulo"
"433",723.5,"conv_hge_walls","Simp.","W","Living","São Paulo"
"434",-63.9,"conv_hge_windows","Base","E","Dorm. N","Curitiba"
"435",-70.9,"conv_hge_windows","Base","E","Dorm. S","Curitiba"
"436",-94.2,"conv_hge_windows","Base","E","Living","Curitiba"
"437",-87.3,"conv_hge_windows","Base","NE","Dorm. 1","Curitiba"
"438",-86,"conv_hge_windows","Base","NE","Dorm. 2","Curitiba"
"439",-106.9,"conv_hge_windows","Base","NE","Living","Curitiba"
"440",-87.6,"conv_hge_windows","Base","NW","Dorm. 1","Curitiba"
"441",-86.4,"conv_hge_windows","Base","NW","Dorm. 2","Curitiba"
"442",-107.7,"conv_hge_windows","Base","NW","Living","Curitiba"
"443",-95.4,"conv_hge_windows","Base","SE","Dorm. 1","Curitiba"
"444",-96.2,"conv_hge_windows","Base","SE","Dorm. 2","Curitiba"
"445",-141.5,"conv_hge_windows","Base","SE","Living","Curitiba"
"446",-95.5,"conv_hge_windows","Base","SW","Dorm. 1","Curitiba"
"447",-96.1,"conv_hge_windows","Base","SW","Dorm. 2","Curitiba"
"448",-141.5,"conv_hge_windows","Base","SW","Living","Curitiba"
"449",-64.4,"conv_hge_windows","Base","W","Dorm. N","Curitiba"
"450",-72.4,"conv_hge_windows","Base","W","Dorm. S","Curitiba"
"451",-75.8,"conv_hge_windows","Base","W","Living","Curitiba"
"452",2.2,"conv_hge_windows","Base","E","Dorm. N","Rio de Janeiro"
"453",-8.3,"conv_hge_windows","Base","E","Dorm. S","Rio de Janeiro"
"454",24.6,"conv_hge_windows","Base","E","Living","Rio de Janeiro"
"455",10.5,"conv_hge_windows","Base","NE","Dorm. 1","Rio de Janeiro"
"456",13.1,"conv_hge_windows","Base","NE","Dorm. 2","Rio de Janeiro"
"457",50.1,"conv_hge_windows","Base","NE","Living","Rio de Janeiro"
"458",10.7,"conv_hge_windows","Base","NW","Dorm. 1","Rio de Janeiro"
"459",12.8,"conv_hge_windows","Base","NW","Dorm. 2","Rio de Janeiro"
"460",50.6,"conv_hge_windows","Base","NW","Living","Rio de Janeiro"
"461",-2.2,"conv_hge_windows","Base","SE","Dorm. 1","Rio de Janeiro"
"462",-1.3,"conv_hge_windows","Base","SE","Dorm. 2","Rio de Janeiro"
"463",7.6,"conv_hge_windows","Base","SE","Living","Rio de Janeiro"
"464",-1.9,"conv_hge_windows","Base","SW","Dorm. 1","Rio de Janeiro"
"465",-1.3,"conv_hge_windows","Base","SW","Dorm. 2","Rio de Janeiro"
"466",7.7,"conv_hge_windows","Base","SW","Living","Rio de Janeiro"
"467",4.9,"conv_hge_windows","Base","W","Dorm. N","Rio de Janeiro"
"468",-6.5,"conv_hge_windows","Base","W","Dorm. S","Rio de Janeiro"
"469",45.5,"conv_hge_windows","Base","W","Living","Rio de Janeiro"
"470",-39.8,"conv_hge_windows","Base","E","Dorm. N","São Paulo"
"471",-47.3,"conv_hge_windows","Base","E","Dorm. S","São Paulo"
"472",-45.7,"conv_hge_windows","Base","E","Living","São Paulo"
"473",-49.2,"conv_hge_windows","Base","NE","Dorm. 1","São Paulo"
"474",-46.6,"conv_hge_windows","Base","NE","Dorm. 2","São Paulo"
"475",-45.8,"conv_hge_windows","Base","NE","Living","São Paulo"
"476",-49.1,"conv_hge_windows","Base","NW","Dorm. 1","São Paulo"
"477",-46.8,"conv_hge_windows","Base","NW","Dorm. 2","São Paulo"
"478",-45.8,"conv_hge_windows","Base","NW","Living","São Paulo"
"479",-58.9,"conv_hge_windows","Base","SE","Dorm. 1","São Paulo"
"480",-58,"conv_hge_windows","Base","SE","Dorm. 2","São Paulo"
"481",-79.5,"conv_hge_windows","Base","SE","Living","São Paulo"
"482",-58.6,"conv_hge_windows","Base","SW","Dorm. 1","São Paulo"
"483",-58,"conv_hge_windows","Base","SW","Dorm. 2","São Paulo"
"484",-79.5,"conv_hge_windows","Base","SW","Living","São Paulo"
"485",-37.9,"conv_hge_windows","Base","W","Dorm. N","São Paulo"
"486",-46.3,"conv_hge_windows","Base","W","Dorm. S","São Paulo"
"487",-30.7,"conv_hge_windows","Base","W","Living","São Paulo"
"488",-63.9,"conv_hge_windows","Simp.","E","Dorm. N","Curitiba"
"489",-71.8,"conv_hge_windows","Simp.","E","Dorm. S","Curitiba"
"490",-93.6,"conv_hge_windows","Simp.","E","Living","Curitiba"
"491",-87.2,"conv_hge_windows","Simp.","NE","Dorm. 1","Curitiba"
"492",-85.6,"conv_hge_windows","Simp.","NE","Dorm. 2","Curitiba"
"493",-106.6,"conv_hge_windows","Simp.","NE","Living","Curitiba"
"494",-87.1,"conv_hge_windows","Simp.","NW","Dorm. 1","Curitiba"
"495",-85.6,"conv_hge_windows","Simp.","NW","Dorm. 2","Curitiba"
"496",-106.7,"conv_hge_windows","Simp.","NW","Living","Curitiba"
"497",-96.2,"conv_hge_windows","Simp.","SE","Dorm. 1","Curitiba"
"498",-96.6,"conv_hge_windows","Simp.","SE","Dorm. 2","Curitiba"
"499",-140.4,"conv_hge_windows","Simp.","SE","Living","Curitiba"
"500",-96.3,"conv_hge_windows","Simp.","SW","Dorm. 1","Curitiba"
"501",-96.6,"conv_hge_windows","Simp.","SW","Dorm. 2","Curitiba"
"502",-140.5,"conv_hge_windows","Simp.","SW","Living","Curitiba"
"503",-64.3,"conv_hge_windows","Simp.","W","Dorm. N","Curitiba"
"504",-73.2,"conv_hge_windows","Simp.","W","Dorm. S","Curitiba"
"505",-75.7,"conv_hge_windows","Simp.","W","Living","Curitiba"
"506",2.6,"conv_hge_windows","Simp.","E","Dorm. N","Rio de Janeiro"
"507",-8.2,"conv_hge_windows","Simp.","E","Dorm. S","Rio de Janeiro"
"508",25.3,"conv_hge_windows","Simp.","E","Living","Rio de Janeiro"
"509",11.1,"conv_hge_windows","Simp.","NE","Dorm. 1","Rio de Janeiro"
"510",13.7,"conv_hge_windows","Simp.","NE","Dorm. 2","Rio de Janeiro"
"511",50.7,"conv_hge_windows","Simp.","NE","Living","Rio de Janeiro"
"512",11.4,"conv_hge_windows","Simp.","NW","Dorm. 1","Rio de Janeiro"
"513",13.7,"conv_hge_windows","Simp.","NW","Dorm. 2","Rio de Janeiro"
"514",50.7,"conv_hge_windows","Simp.","NW","Living","Rio de Janeiro"
"515",-1.8,"conv_hge_windows","Simp.","SE","Dorm. 1","Rio de Janeiro"
"516",-0.7,"conv_hge_windows","Simp.","SE","Dorm. 2","Rio de Janeiro"
"517",9.7,"conv_hge_windows","Simp.","SE","Living","Rio de Janeiro"
"518",-1.4,"conv_hge_windows","Simp.","SW","Dorm. 1","Rio de Janeiro"
"519",-0.7,"conv_hge_windows","Simp.","SW","Dorm. 2","Rio de Janeiro"
"520",9.7,"conv_hge_windows","Simp.","SW","Living","Rio de Janeiro"
"521",5.2,"conv_hge_windows","Simp.","W","Dorm. N","Rio de Janeiro"
"522",-6.6,"conv_hge_windows","Simp.","W","Dorm. S","Rio de Janeiro"
"523",45.4,"conv_hge_windows","Simp.","W","Living","Rio de Janeiro"
"524",-39.7,"conv_hge_windows","Simp.","E","Dorm. N","São Paulo"
"525",-47.8,"conv_hge_windows","Simp.","E","Dorm. S","São Paulo"
"526",-44.8,"conv_hge_windows","Simp.","E","Living","São Paulo"
"527",-48.8,"conv_hge_windows","Simp.","NE","Dorm. 1","São Paulo"
"528",-45.9,"conv_hge_windows","Simp.","NE","Dorm. 2","São Paulo"
"529",-44.8,"conv_hge_windows","Simp.","NE","Living","São Paulo"
"530",-48.5,"conv_hge_windows","Simp.","NW","Dorm. 1","São Paulo"
"531",-46,"conv_hge_windows","Simp.","NW","Dorm. 2","São Paulo"
"532",-44.9,"conv_hge_windows","Simp.","NW","Living","São Paulo"
"533",-58.9,"conv_hge_windows","Simp.","SE","Dorm. 1","São Paulo"
"534",-57.5,"conv_hge_windows","Simp.","SE","Dorm. 2","São Paulo"
"535",-77.5,"conv_hge_windows","Simp.","SE","Living","São Paulo"
"536",-58.7,"conv_hge_windows","Simp.","SW","Dorm. 1","São Paulo"
"537",-57.5,"conv_hge_windows","Simp.","SW","Dorm. 2","São Paulo"
"538",-77.5,"conv_hge_windows","Simp.","SW","Living","São Paulo"
"539",-37.8,"conv_hge_windows","Simp.","W","Dorm. N","São Paulo"
"540",-46.8,"conv_hge_windows","Simp.","W","Dorm. S","São Paulo"
"541",-30.3,"conv_hge_windows","Simp.","W","Living","São Paulo"
"542",4.6,"conv_hge_doors","Base","E","Dorm. N","Curitiba"
"543",6,"conv_hge_doors","Base","E","Dorm. S","Curitiba"
"544",46.5,"conv_hge_doors","Base","E","Living","Curitiba"
"545",9.1,"conv_hge_doors","Base","NE","Dorm. 1","Curitiba"
"546",8.7,"conv_hge_doors","Base","NE","Dorm. 2","Curitiba"
"547",66.3,"conv_hge_doors","Base","NE","Living","Curitiba"
"548",11.9,"conv_hge_doors","Base","NW","Dorm. 1","Curitiba"
"549",10.1,"conv_hge_doors","Base","NW","Dorm. 2","Curitiba"
"550",72.5,"conv_hge_doors","Base","NW","Living","Curitiba"
"551",5.2,"conv_hge_doors","Base","SE","Dorm. 1","Curitiba"
"552",4.8,"conv_hge_doors","Base","SE","Dorm. 2","Curitiba"
"553",35.4,"conv_hge_doors","Base","SE","Living","Curitiba"
"554",5.3,"conv_hge_doors","Base","SW","Dorm. 1","Curitiba"
"555",4.8,"conv_hge_doors","Base","SW","Dorm. 2","Curitiba"
"556",35.6,"conv_hge_doors","Base","SW","Living","Curitiba"
"557",6.7,"conv_hge_doors","Base","W","Dorm. N","Curitiba"
"558",7.8,"conv_hge_doors","Base","W","Dorm. S","Curitiba"
"559",71.1,"conv_hge_doors","Base","W","Living","Curitiba"
"560",33.6,"conv_hge_doors","Base","E","Dorm. N","Rio de Janeiro"
"561",31.9,"conv_hge_doors","Base","E","Dorm. S","Rio de Janeiro"
"562",146.3,"conv_hge_doors","Base","E","Living","Rio de Janeiro"
"563",38.9,"conv_hge_doors","Base","NE","Dorm. 1","Rio de Janeiro"
"564",37.9,"conv_hge_doors","Base","NE","Dorm. 2","Rio de Janeiro"
"565",155.1,"conv_hge_doors","Base","NE","Living","Rio de Janeiro"
"566",41.1,"conv_hge_doors","Base","NW","Dorm. 1","Rio de Janeiro"
"567",39.6,"conv_hge_doors","Base","NW","Dorm. 2","Rio de Janeiro"
"568",163.7,"conv_hge_doors","Base","NW","Living","Rio de Janeiro"
"569",30.6,"conv_hge_doors","Base","SE","Dorm. 1","Rio de Janeiro"
"570",30.8,"conv_hge_doors","Base","SE","Dorm. 2","Rio de Janeiro"
"571",111.6,"conv_hge_doors","Base","SE","Living","Rio de Janeiro"
"572",30.8,"conv_hge_doors","Base","SW","Dorm. 1","Rio de Janeiro"
"573",30.8,"conv_hge_doors","Base","SW","Dorm. 2","Rio de Janeiro"
"574",111.4,"conv_hge_doors","Base","SW","Living","Rio de Janeiro"
"575",35.1,"conv_hge_doors","Base","W","Dorm. N","Rio de Janeiro"
"576",33.3,"conv_hge_doors","Base","W","Dorm. S","Rio de Janeiro"
"577",170.8,"conv_hge_doors","Base","W","Living","Rio de Janeiro"
"578",14.4,"conv_hge_doors","Base","E","Dorm. N","São Paulo"
"579",14.5,"conv_hge_doors","Base","E","Dorm. S","São Paulo"
"580",87.3,"conv_hge_doors","Base","E","Living","São Paulo"
"581",19.7,"conv_hge_doors","Base","NE","Dorm. 1","São Paulo"
"582",19.1,"conv_hge_doors","Base","NE","Dorm. 2","São Paulo"
"583",100.7,"conv_hge_doors","Base","NE","Living","São Paulo"
"584",21.9,"conv_hge_doors","Base","NW","Dorm. 1","São Paulo"
"585",20.6,"conv_hge_doors","Base","NW","Dorm. 2","São Paulo"
"586",107.8,"conv_hge_doors","Base","NW","Living","São Paulo"
"587",13.6,"conv_hge_doors","Base","SE","Dorm. 1","São Paulo"
"588",13.8,"conv_hge_doors","Base","SE","Dorm. 2","São Paulo"
"589",65.2,"conv_hge_doors","Base","SE","Living","São Paulo"
"590",13.7,"conv_hge_doors","Base","SW","Dorm. 1","São Paulo"
"591",13.8,"conv_hge_doors","Base","SW","Dorm. 2","São Paulo"
"592",65.1,"conv_hge_doors","Base","SW","Living","São Paulo"
"593",15.7,"conv_hge_doors","Base","W","Dorm. N","São Paulo"
"594",15.5,"conv_hge_doors","Base","W","Dorm. S","São Paulo"
"595",105.2,"conv_hge_doors","Base","W","Living","São Paulo"
"596",4.7,"conv_hge_doors","Simp.","E","Dorm. N","Curitiba"
"597",6,"conv_hge_doors","Simp.","E","Dorm. S","Curitiba"
"598",48.1,"conv_hge_doors","Simp.","E","Living","Curitiba"
"599",10,"conv_hge_doors","Simp.","NE","Dorm. 1","Curitiba"
"600",9.5,"conv_hge_doors","Simp.","NE","Dorm. 2","Curitiba"
"601",70,"conv_hge_doors","Simp.","NE","Living","Curitiba"
"602",11.2,"conv_hge_doors","Simp.","NW","Dorm. 1","Curitiba"
"603",9.3,"conv_hge_doors","Simp.","NW","Dorm. 2","Curitiba"
"604",69.5,"conv_hge_doors","Simp.","NW","Living","Curitiba"
"605",5.8,"conv_hge_doors","Simp.","SE","Dorm. 1","Curitiba"
"606",5.5,"conv_hge_doors","Simp.","SE","Dorm. 2","Curitiba"
"607",39.2,"conv_hge_doors","Simp.","SE","Living","Curitiba"
"608",5.9,"conv_hge_doors","Simp.","SW","Dorm. 1","Curitiba"
"609",5.5,"conv_hge_doors","Simp.","SW","Dorm. 2","Curitiba"
"610",39.2,"conv_hge_doors","Simp.","SW","Living","Curitiba"
"611",6.6,"conv_hge_doors","Simp.","W","Dorm. N","Curitiba"
"612",7.6,"conv_hge_doors","Simp.","W","Dorm. S","Curitiba"
"613",71,"conv_hge_doors","Simp.","W","Living","Curitiba"
"614",34.3,"conv_hge_doors","Simp.","E","Dorm. N","Rio de Janeiro"
"615",33.1,"conv_hge_doors","Simp.","E","Dorm. S","Rio de Janeiro"
"616",149.9,"conv_hge_doors","Simp.","E","Living","Rio de Janeiro"
"617",41.3,"conv_hge_doors","Simp.","NE","Dorm. 1","Rio de Janeiro"
"618",40.3,"conv_hge_doors","Simp.","NE","Dorm. 2","Rio de Janeiro"
"619",164.4,"conv_hge_doors","Simp.","NE","Living","Rio de Janeiro"
"620",41.6,"conv_hge_doors","Simp.","NW","Dorm. 1","Rio de Janeiro"
"621",40.1,"conv_hge_doors","Simp.","NW","Dorm. 2","Rio de Janeiro"
"622",163.7,"conv_hge_doors","Simp.","NW","Living","Rio de Janeiro"
"623",33.1,"conv_hge_doors","Simp.","SE","Dorm. 1","Rio de Janeiro"
"624",33.5,"conv_hge_doors","Simp.","SE","Dorm. 2","Rio de Janeiro"
"625",120.8,"conv_hge_doors","Simp.","SE","Living","Rio de Janeiro"
"626",33.3,"conv_hge_doors","Simp.","SW","Dorm. 1","Rio de Janeiro"
"627",33.5,"conv_hge_doors","Simp.","SW","Dorm. 2","Rio de Janeiro"
"628",120.5,"conv_hge_doors","Simp.","SW","Living","Rio de Janeiro"
"629",35.8,"conv_hge_doors","Simp.","W","Dorm. N","Rio de Janeiro"
"630",34.6,"conv_hge_doors","Simp.","W","Dorm. S","Rio de Janeiro"
"631",173.7,"conv_hge_doors","Simp.","W","Living","Rio de Janeiro"
"632",14.4,"conv_hge_doors","Simp.","E","Dorm. N","São Paulo"
"633",14.7,"conv_hge_doors","Simp.","E","Dorm. S","São Paulo"
"634",88.9,"conv_hge_doors","Simp.","E","Living","São Paulo"
"635",20.8,"conv_hge_doors","Simp.","NE","Dorm. 1","São Paulo"
"636",20.1,"conv_hge_doors","Simp.","NE","Dorm. 2","São Paulo"
"637",106.2,"conv_hge_doors","Simp.","NE","Living","São Paulo"
"638",21.4,"conv_hge_doors","Simp.","NW","Dorm. 1","São Paulo"
"639",20,"conv_hge_doors","Simp.","NW","Dorm. 2","São Paulo"
"640",105.6,"conv_hge_doors","Simp.","NW","Living","São Paulo"
"641",14.6,"conv_hge_doors","Simp.","SE","Dorm. 1","São Paulo"
"642",15,"conv_hge_doors","Simp.","SE","Dorm. 2","São Paulo"
"643",70.4,"conv_hge_doors","Simp.","SE","Living","São Paulo"
"644",14.7,"conv_hge_doors","Simp.","SW","Dorm. 1","São Paulo"
"645",15,"conv_hge_doors","Simp.","SW","Dorm. 2","São Paulo"
"646",70.2,"conv_hge_doors","Simp.","SW","Living","São Paulo"
"647",15.6,"conv_hge_doors","Simp.","W","Dorm. N","São Paulo"
"648",15.7,"conv_hge_doors","Simp.","W","Dorm. S","São Paulo"
"649",106.3,"conv_hge_doors","Simp.","W","Living","São Paulo"
"650",-301,"hvac_sens_ce","Base","E","Dorm. N","Curitiba"
"651",-229.8,"hvac_sens_ce","Base","E","Dorm. S","Curitiba"
"652",-1147.7,"hvac_sens_ce","Base","E","Living","Curitiba"
"653",-448.5,"hvac_sens_ce","Base","NE","Dorm. 1","Curitiba"
"654",-516.1,"hvac_sens_ce","Base","NE","Dorm. 2","Curitiba"
"655",-1461.1,"hvac_sens_ce","Base","NE","Living","Curitiba"
"656",-471,"hvac_sens_ce","Base","NW","Dorm. 1","Curitiba"
"657",-529.4,"hvac_sens_ce","Base","NW","Dorm. 2","Curitiba"
"658",-1619.3,"hvac_sens_ce","Base","NW","Living","Curitiba"
"659",-321,"hvac_sens_ce","Base","SE","Dorm. 1","Curitiba"
"660",-365.3,"hvac_sens_ce","Base","SE","Dorm. 2","Curitiba"
"661",-1020.6,"hvac_sens_ce","Base","SE","Living","Curitiba"
"662",-330.4,"hvac_sens_ce","Base","SW","Dorm. 1","Curitiba"
"663",-365.6,"hvac_sens_ce","Base","SW","Dorm. 2","Curitiba"
"664",-1022.4,"hvac_sens_ce","Base","SW","Living","Curitiba"
"665",-374.4,"hvac_sens_ce","Base","W","Dorm. N","Curitiba"
"666",-291.2,"hvac_sens_ce","Base","W","Dorm. S","Curitiba"
"667",-1539,"hvac_sens_ce","Base","W","Living","Curitiba"
"668",-1508.5,"hvac_sens_ce","Base","E","Dorm. N","Rio de Janeiro"
"669",-1328.4,"hvac_sens_ce","Base","E","Dorm. S","Rio de Janeiro"
"670",-2901.5,"hvac_sens_ce","Base","E","Living","Rio de Janeiro"
"671",-1883.1,"hvac_sens_ce","Base","NE","Dorm. 1","Rio de Janeiro"
"672",-1886.1,"hvac_sens_ce","Base","NE","Dorm. 2","Rio de Janeiro"
"673",-3389.7,"hvac_sens_ce","Base","NE","Living","Rio de Janeiro"
"674",-1906,"hvac_sens_ce","Base","NW","Dorm. 1","Rio de Janeiro"
"675",-1906.4,"hvac_sens_ce","Base","NW","Dorm. 2","Rio de Janeiro"
"676",-3601.4,"hvac_sens_ce","Base","NW","Living","Rio de Janeiro"
"677",-1621.2,"hvac_sens_ce","Base","SE","Dorm. 1","Rio de Janeiro"
"678",-1610.8,"hvac_sens_ce","Base","SE","Dorm. 2","Rio de Janeiro"
"679",-2736.9,"hvac_sens_ce","Base","SE","Living","Rio de Janeiro"
"680",-1626.6,"hvac_sens_ce","Base","SW","Dorm. 1","Rio de Janeiro"
"681",-1610.8,"hvac_sens_ce","Base","SW","Dorm. 2","Rio de Janeiro"
"682",-2736.5,"hvac_sens_ce","Base","SW","Living","Rio de Janeiro"
"683",-1582.7,"hvac_sens_ce","Base","W","Dorm. N","Rio de Janeiro"
"684",-1401.2,"hvac_sens_ce","Base","W","Dorm. S","Rio de Janeiro"
"685",-3280.1,"hvac_sens_ce","Base","W","Living","Rio de Janeiro"
"686",-715.3,"hvac_sens_ce","Base","E","Dorm. N","São Paulo"
"687",-594.4,"hvac_sens_ce","Base","E","Dorm. S","São Paulo"
"688",-1839.6,"hvac_sens_ce","Base","E","Living","São Paulo"
"689",-954.1,"hvac_sens_ce","Base","NE","Dorm. 1","São Paulo"
"690",-1008.4,"hvac_sens_ce","Base","NE","Dorm. 2","São Paulo"
"691",-2180.2,"hvac_sens_ce","Base","NE","Living","São Paulo"
"692",-973.1,"hvac_sens_ce","Base","NW","Dorm. 1","São Paulo"
"693",-1025.1,"hvac_sens_ce","Base","NW","Dorm. 2","São Paulo"
"694",-2354.3,"hvac_sens_ce","Base","NW","Living","São Paulo"
"695",-756.7,"hvac_sens_ce","Base","SE","Dorm. 1","São Paulo"
"696",-793.4,"hvac_sens_ce","Base","SE","Dorm. 2","São Paulo"
"697",-1667.7,"hvac_sens_ce","Base","SE","Living","São Paulo"
"698",-760.8,"hvac_sens_ce","Base","SW","Dorm. 1","São Paulo"
"699",-793.5,"hvac_sens_ce","Base","SW","Dorm. 2","São Paulo"
"700",-1667.7,"hvac_sens_ce","Base","SW","Living","São Paulo"
"701",-771.6,"hvac_sens_ce","Base","W","Dorm. N","São Paulo"
"702",-645.2,"hvac_sens_ce","Base","W","Dorm. S","São Paulo"
"703",-2120.1,"hvac_sens_ce","Base","W","Living","São Paulo"
"704",-294.5,"hvac_sens_ce","Simp.","E","Dorm. N","Curitiba"
"705",-238.5,"hvac_sens_ce","Simp.","E","Dorm. S","Curitiba"
"706",-1166,"hvac_sens_ce","Simp.","E","Living","Curitiba"
"707",-436.6,"hvac_sens_ce","Simp.","NE","Dorm. 1","Curitiba"
"708",-498.5,"hvac_sens_ce","Simp.","NE","Dorm. 2","Curitiba"
"709",-1562.1,"hvac_sens_ce","Simp.","NE","Living","Curitiba"
"710",-446.8,"hvac_sens_ce","Simp.","NW","Dorm. 1","Curitiba"
"711",-498.1,"hvac_sens_ce","Simp.","NW","Dorm. 2","Curitiba"
"712",-1560.2,"hvac_sens_ce","Simp.","NW","Living","Curitiba"
"713",-332.9,"hvac_sens_ce","Simp.","SE","Dorm. 1","Curitiba"
"714",-378.2,"hvac_sens_ce","Simp.","SE","Dorm. 2","Curitiba"
"715",-1079.5,"hvac_sens_ce","Simp.","SE","Living","Curitiba"
"716",-341.1,"hvac_sens_ce","Simp.","SW","Dorm. 1","Curitiba"
"717",-378.3,"hvac_sens_ce","Simp.","SW","Dorm. 2","Curitiba"
"718",-1079.7,"hvac_sens_ce","Simp.","SW","Living","Curitiba"
"719",-362.9,"hvac_sens_ce","Simp.","W","Dorm. N","Curitiba"
"720",-298.1,"hvac_sens_ce","Simp.","W","Dorm. S","Curitiba"
"721",-1523.7,"hvac_sens_ce","Simp.","W","Living","Curitiba"
"722",-1526,"hvac_sens_ce","Simp.","E","Dorm. N","Rio de Janeiro"
"723",-1381.5,"hvac_sens_ce","Simp.","E","Dorm. S","Rio de Janeiro"
"724",-2946.6,"hvac_sens_ce","Simp.","E","Living","Rio de Janeiro"
"725",-1922.3,"hvac_sens_ce","Simp.","NE","Dorm. 1","Rio de Janeiro"
"726",-1931.1,"hvac_sens_ce","Simp.","NE","Dorm. 2","Rio de Janeiro"
"727",-3599.4,"hvac_sens_ce","Simp.","NE","Living","Rio de Janeiro"
"728",-1927.7,"hvac_sens_ce","Simp.","NW","Dorm. 1","Rio de Janeiro"
"729",-1930.5,"hvac_sens_ce","Simp.","NW","Dorm. 2","Rio de Janeiro"
"730",-3595.8,"hvac_sens_ce","Simp.","NW","Living","Rio de Janeiro"
"731",-1705.7,"hvac_sens_ce","Simp.","SE","Dorm. 1","Rio de Janeiro"
"732",-1706.3,"hvac_sens_ce","Simp.","SE","Dorm. 2","Rio de Janeiro"
"733",-2887.9,"hvac_sens_ce","Simp.","SE","Living","Rio de Janeiro"
"734",-1711.4,"hvac_sens_ce","Simp.","SW","Dorm. 1","Rio de Janeiro"
"735",-1706.3,"hvac_sens_ce","Simp.","SW","Dorm. 2","Rio de Janeiro"
"736",-2886.2,"hvac_sens_ce","Simp.","SW","Living","Rio de Janeiro"
"737",-1599.6,"hvac_sens_ce","Simp.","W","Dorm. N","Rio de Janeiro"
"738",-1455.4,"hvac_sens_ce","Simp.","W","Dorm. S","Rio de Janeiro"
"739",-3312.5,"hvac_sens_ce","Simp.","W","Living","Rio de Janeiro"
"740",-709.8,"hvac_sens_ce","Simp.","E","Dorm. N","São Paulo"
"741",-611.6,"hvac_sens_ce","Simp.","E","Dorm. S","São Paulo"
"742",-1856.7,"hvac_sens_ce","Simp.","E","Living","São Paulo"
"743",-951.6,"hvac_sens_ce","Simp.","NE","Dorm. 1","São Paulo"
"744",-1005.1,"hvac_sens_ce","Simp.","NE","Dorm. 2","São Paulo"
"745",-2312.1,"hvac_sens_ce","Simp.","NE","Living","São Paulo"
"746",-956.2,"hvac_sens_ce","Simp.","NW","Dorm. 1","São Paulo"
"747",-1004.6,"hvac_sens_ce","Simp.","NW","Dorm. 2","São Paulo"
"748",-2309.4,"hvac_sens_ce","Simp.","NW","Living","São Paulo"
"749",-786.2,"hvac_sens_ce","Simp.","SE","Dorm. 1","São Paulo"
"750",-829.2,"hvac_sens_ce","Simp.","SE","Dorm. 2","São Paulo"
"751",-1750,"hvac_sens_ce","Simp.","SE","Living","São Paulo"
"752",-790.6,"hvac_sens_ce","Simp.","SW","Dorm. 1","São Paulo"
"753",-829.2,"hvac_sens_ce","Simp.","SW","Dorm. 2","São Paulo"
"754",-1749.1,"hvac_sens_ce","Simp.","SW","Living","São Paulo"
"755",-765.2,"hvac_sens_ce","Simp.","W","Dorm. N","São Paulo"
"756",-663.8,"hvac_sens_ce","Simp.","W","Dorm. S","São Paulo"
"757",-2126.8,"hvac_sens_ce","Simp.","W","Living","São Paulo"
"758",-12.8,"afn_inf_sens_hle","Base","E","Dorm. N","Curitiba"
"759",-11.3,"afn_inf_sens_hle","Base","E","Dorm. S","Curitiba"
"760",-21.2,"afn_inf_sens_hle","Base","E","Living","Curitiba"
"761",-16.1,"afn_inf_sens_hle","Base","NE","Dorm. 1","Curitiba"
"762",-15.1,"afn_inf_sens_hle","Base","NE","Dorm. 2","Curitiba"
"763",-18.5,"afn_inf_sens_hle","Base","NE","Living","Curitiba"
"764",-16.2,"afn_inf_sens_hle","Base","NW","Dorm. 1","Curitiba"
"765",-15.2,"afn_inf_sens_hle","Base","NW","Dorm. 2","Curitiba"
"766",-19.2,"afn_inf_sens_hle","Base","NW","Living","Curitiba"
"767",-14.4,"afn_inf_sens_hle","Base","SE","Dorm. 1","Curitiba"
"768",-13.7,"afn_inf_sens_hle","Base","SE","Dorm. 2","Curitiba"
"769",-18.1,"afn_inf_sens_hle","Base","SE","Living","Curitiba"
"770",-14.4,"afn_inf_sens_hle","Base","SW","Dorm. 1","Curitiba"
"771",-13.7,"afn_inf_sens_hle","Base","SW","Dorm. 2","Curitiba"
"772",-18.1,"afn_inf_sens_hle","Base","SW","Living","Curitiba"
"773",-13.2,"afn_inf_sens_hle","Base","W","Dorm. N","Curitiba"
"774",-12,"afn_inf_sens_hle","Base","W","Dorm. S","Curitiba"
"775",-14.9,"afn_inf_sens_hle","Base","W","Living","Curitiba"
"776",-3,"afn_inf_sens_hle","Base","E","Dorm. N","Rio de Janeiro"
"777",-6.9,"afn_inf_sens_hle","Base","E","Dorm. S","Rio de Janeiro"
"778",-4.1,"afn_inf_sens_hle","Base","E","Living","Rio de Janeiro"
"779",-3.2,"afn_inf_sens_hle","Base","NE","Dorm. 1","Rio de Janeiro"
"780",-2.9,"afn_inf_sens_hle","Base","NE","Dorm. 2","Rio de Janeiro"
"781",-5.5,"afn_inf_sens_hle","Base","NE","Living","Rio de Janeiro"
"782",-3.2,"afn_inf_sens_hle","Base","NW","Dorm. 1","Rio de Janeiro"
"783",-3,"afn_inf_sens_hle","Base","NW","Dorm. 2","Rio de Janeiro"
"784",-5.9,"afn_inf_sens_hle","Base","NW","Living","Rio de Janeiro"
"785",-5.2,"afn_inf_sens_hle","Base","SE","Dorm. 1","Rio de Janeiro"
"786",-4.7,"afn_inf_sens_hle","Base","SE","Dorm. 2","Rio de Janeiro"
"787",-5.3,"afn_inf_sens_hle","Base","SE","Living","Rio de Janeiro"
"788",-5.1,"afn_inf_sens_hle","Base","SW","Dorm. 1","Rio de Janeiro"
"789",-4.7,"afn_inf_sens_hle","Base","SW","Dorm. 2","Rio de Janeiro"
"790",-5.3,"afn_inf_sens_hle","Base","SW","Living","Rio de Janeiro"
"791",-2.8,"afn_inf_sens_hle","Base","W","Dorm. N","Rio de Janeiro"
"792",-7.2,"afn_inf_sens_hle","Base","W","Dorm. S","Rio de Janeiro"
"793",-3.1,"afn_inf_sens_hle","Base","W","Living","Rio de Janeiro"
"794",-7.3,"afn_inf_sens_hle","Base","E","Dorm. N","São Paulo"
"795",-12.6,"afn_inf_sens_hle","Base","E","Dorm. S","São Paulo"
"796",-11.1,"afn_inf_sens_hle","Base","E","Living","São Paulo"
"797",-8.3,"afn_inf_sens_hle","Base","NE","Dorm. 1","São Paulo"
"798",-7.6,"afn_inf_sens_hle","Base","NE","Dorm. 2","São Paulo"
"799",-10,"afn_inf_sens_hle","Base","NE","Living","São Paulo"
"800",-8.3,"afn_inf_sens_hle","Base","NW","Dorm. 1","São Paulo"
"801",-7.7,"afn_inf_sens_hle","Base","NW","Dorm. 2","São Paulo"
"802",-10.5,"afn_inf_sens_hle","Base","NW","Living","São Paulo"
"803",-13.5,"afn_inf_sens_hle","Base","SE","Dorm. 1","São Paulo"
"804",-12.7,"afn_inf_sens_hle","Base","SE","Dorm. 2","São Paulo"
"805",-16.2,"afn_inf_sens_hle","Base","SE","Living","São Paulo"
"806",-13.5,"afn_inf_sens_hle","Base","SW","Dorm. 1","São Paulo"
"807",-12.7,"afn_inf_sens_hle","Base","SW","Dorm. 2","São Paulo"
"808",-16.2,"afn_inf_sens_hle","Base","SW","Living","São Paulo"
"809",-7,"afn_inf_sens_hle","Base","W","Dorm. N","São Paulo"
"810",-13.2,"afn_inf_sens_hle","Base","W","Dorm. S","São Paulo"
"811",-6.1,"afn_inf_sens_hle","Base","W","Living","São Paulo"
"812",-12.8,"afn_inf_sens_hle","Simp.","E","Dorm. N","Curitiba"
"813",-11.7,"afn_inf_sens_hle","Simp.","E","Dorm. S","Curitiba"
"814",-21.4,"afn_inf_sens_hle","Simp.","E","Living","Curitiba"
"815",-16.1,"afn_inf_sens_hle","Simp.","NE","Dorm. 1","Curitiba"
"816",-15,"afn_inf_sens_hle","Simp.","NE","Dorm. 2","Curitiba"
"817",-19,"afn_inf_sens_hle","Simp.","NE","Living","Curitiba"
"818",-16.1,"afn_inf_sens_hle","Simp.","NW","Dorm. 1","Curitiba"
"819",-15,"afn_inf_sens_hle","Simp.","NW","Dorm. 2","Curitiba"
"820",-19,"afn_inf_sens_hle","Simp.","NW","Living","Curitiba"
"821",-14.7,"afn_inf_sens_hle","Simp.","SE","Dorm. 1","Curitiba"
"822",-14,"afn_inf_sens_hle","Simp.","SE","Dorm. 2","Curitiba"
"823",-18.5,"afn_inf_sens_hle","Simp.","SE","Living","Curitiba"
"824",-14.8,"afn_inf_sens_hle","Simp.","SW","Dorm. 1","Curitiba"
"825",-14,"afn_inf_sens_hle","Simp.","SW","Dorm. 2","Curitiba"
"826",-18.5,"afn_inf_sens_hle","Simp.","SW","Living","Curitiba"
"827",-13.2,"afn_inf_sens_hle","Simp.","W","Dorm. N","Curitiba"
"828",-12.3,"afn_inf_sens_hle","Simp.","W","Dorm. S","Curitiba"
"829",-15,"afn_inf_sens_hle","Simp.","W","Living","Curitiba"
"830",-3,"afn_inf_sens_hle","Simp.","E","Dorm. N","Rio de Janeiro"
"831",-7.4,"afn_inf_sens_hle","Simp.","E","Dorm. S","Rio de Janeiro"
"832",-4.3,"afn_inf_sens_hle","Simp.","E","Living","Rio de Janeiro"
"833",-3.2,"afn_inf_sens_hle","Simp.","NE","Dorm. 1","Rio de Janeiro"
"834",-2.9,"afn_inf_sens_hle","Simp.","NE","Dorm. 2","Rio de Janeiro"
"835",-6,"afn_inf_sens_hle","Simp.","NE","Living","Rio de Janeiro"
"836",-3.2,"afn_inf_sens_hle","Simp.","NW","Dorm. 1","Rio de Janeiro"
"837",-2.9,"afn_inf_sens_hle","Simp.","NW","Dorm. 2","Rio de Janeiro"
"838",-6,"afn_inf_sens_hle","Simp.","NW","Living","Rio de Janeiro"
"839",-5.6,"afn_inf_sens_hle","Simp.","SE","Dorm. 1","Rio de Janeiro"
"840",-5.2,"afn_inf_sens_hle","Simp.","SE","Dorm. 2","Rio de Janeiro"
"841",-5.6,"afn_inf_sens_hle","Simp.","SE","Living","Rio de Janeiro"
"842",-5.5,"afn_inf_sens_hle","Simp.","SW","Dorm. 1","Rio de Janeiro"
"843",-5.2,"afn_inf_sens_hle","Simp.","SW","Dorm. 2","Rio de Janeiro"
"844",-5.6,"afn_inf_sens_hle","Simp.","SW","Living","Rio de Janeiro"
"845",-2.8,"afn_inf_sens_hle","Simp.","W","Dorm. N","Rio de Janeiro"
"846",-7.7,"afn_inf_sens_hle","Simp.","W","Dorm. S","Rio de Janeiro"
"847",-3.3,"afn_inf_sens_hle","Simp.","W","Living","Rio de Janeiro"
"848",-7.3,"afn_inf_sens_hle","Simp.","E","Dorm. N","São Paulo"
"849",-12.9,"afn_inf_sens_hle","Simp.","E","Dorm. S","São Paulo"
"850",-11.2,"afn_inf_sens_hle","Simp.","E","Living","São Paulo"
"851",-8.2,"afn_inf_sens_hle","Simp.","NE","Dorm. 1","São Paulo"
"852",-7.6,"afn_inf_sens_hle","Simp.","NE","Dorm. 2","São Paulo"
"853",-10.4,"afn_inf_sens_hle","Simp.","NE","Living","São Paulo"
"854",-8.2,"afn_inf_sens_hle","Simp.","NW","Dorm. 1","São Paulo"
"855",-7.6,"afn_inf_sens_hle","Simp.","NW","Dorm. 2","São Paulo"
"856",-10.4,"afn_inf_sens_hle","Simp.","NW","Living","São Paulo"
"857",-13.9,"afn_inf_sens_hle","Simp.","SE","Dorm. 1","São Paulo"
"858",-13,"afn_inf_sens_hle","Simp.","SE","Dorm. 2","São Paulo"
"859",-16.5,"afn_inf_sens_hle","Simp.","SE","Living","São Paulo"
"860",-13.8,"afn_inf_sens_hle","Simp.","SW","Dorm. 1","São Paulo"
"861",-13,"afn_inf_sens_hle","Simp.","SW","Dorm. 2","São Paulo"
"862",-16.5,"afn_inf_sens_hle","Simp.","SW","Living","São Paulo"
"863",-7,"afn_inf_sens_hle","Simp.","W","Dorm. N","São Paulo"
"864",-13.5,"afn_inf_sens_hle","Simp.","W","Dorm. S","São Paulo"
"865",-6.2,"afn_inf_sens_hle","Simp.","W","Living","São Paulo"
