"arquivo_climatico","uf","municipio","lat","long","alt","populacao","zbb","tbsm","cdh","cdd10","cdd24","hdd18"
"BRA_AC_Feijo.AP.819240_INMET","AC","Feijo",-8.14,-70.34,163,32385,8,26.07582192,72833,5867.7,826.6,10
"BRA_AC_Parque.Chandless.819630_INMET","AC","Rio Branco",-9.37,-69.93,206,370550,8,24.87121005,72862,5428,408,3.4
"BRA_AC_Porto.Walter.819210_INMET","AC","Porto Walter",-8.27,-72.74,240,10759,8,26.36347032,69205,5972.7,934.7,10
"BRA_AC_Rio.Branco.829150_INMET","AC","Rio Branco",-9.96,-68.17,220,370550,8,25.116621,67634,5517.6,520.3,5
"BRA_AL_Arapiraca.AP.819960_INMET","AL","Arapiraca",-9.8,-36.62,241,231053,8,24.84299087,58779,5417.7,440.7,0
"BRA_AL_Coruripe.866190_INMET","AL","Coruripe",-10.13,-36.29,74,56631,8,25.72098174,68088,5738.2,651.2,0
"BRA_AL_Maceio.829940_INMET","AL","Maceio",-9.67,-35.74,64,1013773,8,25.52243151,65930,5665.7,587.6,0
"BRA_AL_Palmeira.dos.Indios.829920_INMET","AL","Palmeira dos Indios",-9.41,-36.63,275,73878,8,25.27921233,54251,5576.9,593.6,0
"BRA_AL_Pao.de.Acucar.819940_INMET","AL","Pao de Acucar",-9.75,-37.44,19,24878,8,27.28173516,65042,6307.8,1212.8,0
"BRA_AL_Sao.Luis.do.Quitunde.819970_INMET","AL","Sao Luis do Quitunde",-9.29,-35.57,19,34623,8,25.42211187,68296,5629.1,554.8,0
"BRA_AM_Autazes.817320_INMET","AM","Autazes",-3.58,-59.13,28,37033,8,26.50482877,79792,6024.3,914.5,0
"BRA_AM_Barcelos.AP.816480_INMET","AM","Barcelos",-0.99,-62.92,17,27433,8,26.26980594,79112,5938.5,830.2,0
"BRA_AM_Coari.817700_INMET","AM","Coari",-4.1,-63.15,43,83078,8,26.2509589,77389,5931.6,826.2,0
"BRA_AM_Humaita.AP.818900_INMET","AM","Humaita",-7.55,-63.07,72,51302,8,26.28507991,76111,5944.1,841.8,0
"BRA_AM_Itacoatiara.AP.817330_INMET","AM","Itacoatiara",-3.13,-58.48,45,97122,8,26.42942922,80229,5996.7,888.7,0
"BRA_AM_Manacapuru.817290_INMET","AM","Manacapuru",-3.29,-60.63,19,94175,8,26.70017123,78278,6095.6,985.7,0
"BRA_AM_Manaus-Gomez.Intl.AP.817300_INMET","AM","Manaus",-3.1,-60.03,67,2057711,8,27.27947489,82005,6307,1199.4,0
"BRA_AM_Maues.817340_INMET","AM","Maues",-3.4,-57.67,35,59983,8,26.5730137,82453,6049.2,940.9,0
"BRA_AM_Parintins.817030_INMET","AM","Parintins",-2.64,-56.76,35,111575,8,27.49006849,82833,6383.9,1273.9,0
"BRA_AM_Presidente.Figueiredo.816990_INMET","AM","Presidente Figueiredo",-2.06,-60.03,92,32812,8,26.64430365,76780,6075.2,966.4,0
"BRA_AM_Urucara.AP.817020_INMET","AM","Urucara",-2.53,-57.76,17,17163,8,27.46123288,81494,6373.4,1263.8,0
"BRA_AP_Macapa-Alcolumbre.Intl.AP.820980_INMET","AP","Macapa",0.04,-51.07,15,456171,8,25.77817352,73471,5759,653.3,0
"BRA_AP_Oiapoque.816090_INMET","AP","Oiapoque",3.81,-51.86,21,24263,8,25.56219178,73355,5680.2,578.6,0
"BRA_AP_Porto.Grande.816370_INMET","AP","Porto Grande",0.7,-51.41,77,19669,8,25.77817352,73471,5759,653.3,0
"BRA_AP_Tartarugalzinho.816280_INMET","AP","Tartarugalzinho",1.5,-50.92,21,15212,8,25.9922032,74244,5837.2,729.7,0
"BRA_BA_Amargosa.AP.866750_INMET","BA","Amargosa",-13.01,-39.62,407,37807,8,23.17565068,47356,4809.1,152.8,0
"BRA_BA_Barra.AP.866340_INMET","BA","Barra",-11.08,-43.14,403,54188,6,26.79222603,46498,6129.2,1025.1,0
"BRA_BA_Barreiras.866520_INMET","BA","Barreiras",-12.15,-44.99,470,153918,7,25.12493151,35780,5520.6,505.6,0
"BRA_BA_Belmonte.867440_INMET","BA","Belmonte",-16.09,-39.22,88,23759,8,23.78600457,56820,5031.9,255.9,0
"BRA_BA_Bom.Jesus.da.Lapa.AP.866720_INMET","BA","Bom Jesus da Lapa",-13.26,-43.42,440,69526,6,26.24819635,35447,5930.6,858.2,0
"BRA_BA_Brumado.866960_INMET","BA","Brumado",-14.18,-41.67,470,69255,5,25.1665411,45791,5535.8,620,0
"BRA_BA_Buritirama.AP.866090_INMET","BA","Buritirama",-10.72,-43.65,502,21549,6,25.43762557,41689,5634.7,618.7,0
"BRA_BA_Caravelas.834970_INMET","BA","Caravelas",-17.73,-39.2,3,22548,8,25.02063927,63218,5482.5,504.2,0
"BRA_BA_Conde.866390_INMET","BA","Conde",-11.81,-37.62,14,26194,8,25.9344863,68524,5816.1,726.2,0
"BRA_BA_Correntina.866710_INMET","BA","Correntina",-13.33,-44.62,549,33183,6,23.82134703,33453,5044.8,278.1,0
"BRA_BA_Cruz.das.Almas.866570_INMET","BA","Cruz das Almas",-12.67,-39.1,226,64197,8,23.92334475,52557,5082,306.6,0
"BRA_BA_Delfino.866100_INMET","BA","Umburanas",-10.46,-41.21,637,19055,5,23.84319635,33661,5052.8,231.5,0
"BRA_BA_Euclides.da.Cunha.866130_INMET","BA","Euclides da Cunha",-10.54,-39,432,60666,7,24.10829909,44806,5149.5,427.2,0
"BRA_BA_Feira.de.Santana.866580_INMET","BA","Feira de Santana",-12.27,-38.97,231,617528,8,24.59780822,54966,5328.2,488.8,0
"BRA_BA_Guanambi.AP.866940_INMET","BA","Guanambi",-14.21,-42.75,551,85797,6,25.65214612,37544,5713,685.5,0
"BRA_BA_Ibotirama.866530_INMET","BA","Ibotirama",-12.19,-43.21,430,27655,7,26.73187215,41264,6107.1,1012.8,0
"BRA_BA_Ilheus.866990_INMET","BA","Ilheus",-14.79,-39.05,78,180213,8,23.44860731,56055,4908.7,162.4,0
"BRA_BA_Ipiau.866980_INMET","BA","Ipiau",-14.14,-39.73,135,47501,8,24.56248858,58798,5315.3,385.8,0
"BRA_BA_Irece.AP.866350_INMET","BA","Irece",-11.33,-41.86,755,73380,6,23.94525114,33347,5090,251.2,0
"BRA_BA_Itaberaba.832440_INMET","BA","Itaberaba",-12.53,-40.31,250,66310,8,24.92978311,53082,5449.4,506.2,0
"BRA_BA_Itapetinga.867230_INMET","BA","Itapetinga",-15.24,-40.24,279,76184,5,24.67423516,51100,5356.1,481.6,0
"BRA_BA_Itirucu.866740_INMET","BA","Itirucu",-13.53,-40.15,756,13307,5,21.06037671,31222,4037,9.4,34.6
"BRA_BA_Jacobina.866360_INMET","BA","Jacobina",-11.21,-40.47,453,84811,8,24.36237443,44016,5242.3,357.7,0
"BRA_BA_Lencois.866540_INMET","BA","Lencois",-12.56,-41.39,439,11445,8,24.85493151,45351,5422.1,480.2,0
"BRA_BA_Macajuba.866550_INMET","BA","Macajuba",-12.14,-40.36,380,11837,8,24.05605023,45988,5130.5,329.3,0
"BRA_BA_Marau.866770_INMET","BA","Marau",-13.91,-38.97,10,21175,8,25.67393836,68777,5721,651,0
"BRA_BA_Paulo.Afonso.829860_INMET","BA","Paulo Afonso",-9.41,-38.22,253,119214,7,26.32472603,49250,5958.5,926.2,0
"BRA_BA_Piata.866730_INMET","BA","Piata",-13.16,-41.77,1290,18473,5,19.79696347,12890,3575.9,0,71.1
"BRA_BA_Porto.Seguro.867450_INMET","BA","Porto Seguro",-16.39,-39.18,85,145431,8,23.74295662,59953,5016.2,236.5,0
"BRA_BA_Queimadas.866120_INMET","BA","Queimadas",-10.98,-39.62,315,26083,8,26.1327968,49333,5888.5,855.8,0
"BRA_BA_Remanso.829790_INMET","BA","Remanso",-9.62,-42.08,401,42275,7,26.81585616,52957,6137.8,1032.9,0
"BRA_BA_Salvador.866780_INMET","BA","Salvador",-12.97,-38.51,51,2921087,8,25.86309361,67930,5790,695.6,0
"BRA_BA_Santa.Rita.de.Cassia.866330_INMET","BA","Santa Rita de Cassia",-11.01,-44.52,450,28822,6,26.05268265,41536,5859.2,788.2,0
"BRA_BA_Senhor.do.Bonfim.830880_INMET","BA","Senhor do Bonfim",-10.44,-40.15,548,81330,7,23.85422374,38481,5056.8,330.9,0
"BRA_BA_Serrinha.866370_INMET","BA","Serrinha",-11.66,-39.02,339,83275,8,24.14803653,48810,5164,421.5,0
"BRA_BA_Uaua.819920_INMET","BA","Uaua",-9.83,-39.5,453,25087,6,25.40560502,44252,5623,638,0
"BRA_BA_Una.867240_INMET","BA","Una",-15.28,-39.09,82,22105,8,24.15445205,61888,5166.4,273.7,0
"BRA_BA_Valenca.866760_INMET","BA","Valenca",-13.37,-39.07,39,97305,8,24.20535388,61466,5185,276.9,0
"BRA_BA_Vitoria.da.Conquista-Figueiredo.AP.866970_INMET","BA","Vitoria da Conquista",-14.87,-40.84,870,343230,5,20.59972603,25245,3868.9,3.9,39.1
"BRA_CE_Acarau.817550_INMET","CE","Acarau",-3.12,-40.09,76,61210,8,26.60207763,72063,6059.8,951.1,0
"BRA_CE_Barbalha.819110_INMET","CE","Barbalha",-7.3,-39.27,409,58855,7,25.59280822,49823,5691.4,607,0
"BRA_CE_Campos.Sales.827770_INMET","CE","Campos Sales",-7.08,-40.36,572,27123,7,24.86718037,41522,5426.5,465.4,0
"BRA_CE_Crateus.818300_INMET","CE","Crateus",-5.19,-40.67,291,74271,7,27.09111872,55793,6238.3,1129.4,0
"BRA_CE_Fortaleza-Pinto.Martins.Intl.AP.817580_INMET","CE","Fortaleza",-3.8,-38.53,41,2591188,8,26.6534589,71394,6078.5,970.5,0
"BRA_CE_Guaramiranga.824870_INMET","CE","Guaramiranga",-4.26,-38.93,38,3720,5,20.68920091,37100,3901.6,0,0
"BRA_CE_Iguatu.818730_INMET","CE","Iguatu",-6.36,-39.3,233,101386,7,27.01376712,55516,6210,1101.9,0
"BRA_CE_Itapipoca.817560_INMET","CE","Itapipoca",-3.48,-39.59,102,124950,8,26.89288813,69216,6165.9,1056.9,0
"BRA_CE_Jaguaribe.818330_INMET","CE","Jaguaribe",-5.91,-38.63,184,34561,7,27.7834589,63710,6491,1382.3,0
"BRA_CE_Jaguaruana.824930_INMET","CE","Jaguaruana",-4.79,-37.78,12,33469,8,27.24494292,67485,6294.4,1184.4,0
"BRA_CE_Morada.Nova.825940_INMET","CE","Morada Nova",-5.11,-38.37,44,61903,7,27.1401484,66326,6256.2,1146.6,0
"BRA_CE_Quixeramobim.825860_INMET","CE","Quixeramobim",-5.2,-39.29,80,77174,7,26.43517123,59523,5998.8,895.9,0
"BRA_CE_Taua.818720_INMET","CE","Taua",-6.02,-40.28,415,57701,7,26.19417808,44330,5910.9,833.1,0
"BRA_DF_Brasilia.867150_INMET","DF","Brasilia",-15.78,-47.93,1160,2914830,4,21.08148402,16624,4044.7,9.3,3.7
"BRA_DF_Planaltina.867160_INMET","DF","Planaltina",-15.53,-47.56,1200,164939,4,20.95384703,23361,3998.2,2.9,8.1
"BRA_ES_Alegre.868280_INMET","ES","Alegre",-20.76,-41.53,138,32205,5,23.95135845,43921,5092.2,417,5.2
"BRA_ES_Alfredo.Chaves.868290_INMET","ES","Alfredo Chaves",-20.64,-40.75,35,14973,8,23.58060502,47324,4956.9,314.7,1.1
"BRA_ES_Linhares.868050_INMET","ES","Linhares",-19.39,-40.07,40,163662,8,24.27697489,54958,5211.1,415.9,0
"BRA_ES_Nova.Venecia.867850_INMET","ES","Nova Venecia",-18.7,-40.39,154,50294,8,24.2559589,52289,5203.4,395.8,0
"BRA_ES_Presidente.Kennedy.868530_INMET","ES","Presidente Kennedy",-21.1,-41.04,80,11309,8,23.96765982,52283,5098.2,375.2,0
"BRA_ES_Santa.Teresa.868040_INMET","ES","Santa Teresa",-19.99,-40.58,998,23735,8,18.58151826,21458,3132.3,0,263.7
"BRA_ES_Sao.Mateus.867860_INMET","ES","Sao Mateus",-18.72,-39.86,39,124575,8,23.864121,54837,5060.4,349.5,0
"BRA_ES_Vitoria.868300_INMET","ES","Vitoria",-20.32,-40.34,9,355875,8,24.39726027,54061,5255,462.4,0
"BRA_GO_Alto.Paraiso.de.Goias.866910_INMET","GO","Alto Paraiso de Goias",-14.13,-47.51,1260,7391,6,20.5861758,17064,3864,10.1,15.9
"BRA_GO_Aragarcas.833740_INMET","GO","Aragarcas",-15.9,-52.25,347,19583,6,25.79366438,53747,5764.7,710.5,0
"BRA_GO_Caiaponia.867300_INMET","GO","Caiaponia",-16.96,-51.81,737,18148,6,23.25442922,30910,4837.9,158.6,0
"BRA_GO_Catalao.867770_INMET","GO","Catalao",-18.16,-47.93,890,98737,6,22.50558219,24270,4564.5,123,3.3
"BRA_GO_Cristalina.867370_INMET","GO","Cristalina",-16.79,-47.61,1202,53300,4,20.72353881,19916,3914.1,8.6,32
"BRA_GO_Goianesia.867130_INMET","GO","Goianesia",-15.32,-49.12,667,65767,6,24.53503425,32696,5305.3,351.7,0
"BRA_GO_Goiania.834230_INMET","GO","Goiania",-15.37,-48.78,770,1430697,6,23.22976027,31081,4828.9,174.6,5.4
"BRA_GO_Goias.867120_INMET","GO","Goias",-15.93,-50.14,512,24439,7,24.98077626,47668,5468,449.3,0
"BRA_GO_Itapaci.866890_INMET","GO","Itapaci",-14.95,-49.55,522,20945,6,23.90124429,38962,5074,278.1,0
"BRA_GO_Itumbiara.867740_INMET","GO","Itumbiara",-18.41,-49.19,488,100548,6,23.91726027,44156,5079.8,271.8,10
"BRA_GO_Jatai.867520_INMET","GO","Jatai",-17.88,-51.71,582,95998,6,22.41531963,32342,4531.6,98.5,11.7
"BRA_GO_Luziania.867360_INMET","GO","Luziania",-16.25,-47.95,958,194039,4,21.98347032,27017,4374,38.3,5.3
"BRA_GO_Mineiros.867510_INMET","GO","Mineiros",-17.57,-52.6,706,60464,6,22.37296804,37162,4516.1,69.9,25
"BRA_GO_Monte.Alegre.de.Goias.866700_INMET","GO","Monte Alegre de Goias",-13.5,-46.89,1253,8319,7,24.96426941,43252,5462,457,0
"BRA_GO_Morrinhos.867550_INMET","GO","Morrinhos",-17.73,-49.1,771,44607,6,22.37742009,28617,4517.8,60.9,14.4
"BRA_GO_Niquelandia.866900_INMET","GO","Niquelandia",-14.47,-48.46,583,45243,6,24.31003425,33984,5223.2,290.4,0
"BRA_GO_Parauna.867320_INMET","GO","Parauna",-16.96,-50.43,678,11199,6,23.99745434,33273,5109.1,303.9,0.4
"BRA_GO_Pires.do.Rio.867560_INMET","GO","Pires do Rio",-17.31,-48.28,752,30703,4,22.94133562,33998,4723.6,115.1,5.4
"BRA_GO_Posse.866920_INMET","GO","Posse",-14.09,-46.37,834,34663,6,24.43759132,31844,5269.7,335.3,0
"BRA_GO_Rio.Verde.867530_INMET","GO","Rio Verde",-17.8,-50.93,782,207296,6,22.80247717,28895,4672.9,126.6,6.2
"BRA_GO_Sao.Simao.867730_INMET","GO","Sao Simao",-18.99,-50.54,489,19110,6,23.98585616,42669,5104.8,300,27.1
"BRA_MA_Alto.Parnaiba.829700_INMET","MA","Alto Parnaiba",-9.11,-45.93,281,10956,7,25.74573059,57902,5747.2,657.7,0
"BRA_MA_Bacabal.817900_INMET","MA","Bacabal",-4.24,-44.8,28,102656,8,27.27794521,73510,6306.5,1196.6,0
"BRA_MA_Balsas.819030_INMET","MA","Balsas",-7.46,-46.03,254,92144,7,25.94791096,60586,5821,725.1,0
"BRA_MA_Barra.do.Corda.818250_INMET","MA","Barra do Corda",-5.51,-45.24,153,86151,7,26.28393836,66268,5943.6,837.7,0
"BRA_MA_Buriticupu.817880_INMET","MA","Buriticupu",-4.32,-46.45,175,70417,8,26.19716895,64695,5912,804.6,0
"BRA_MA_Carolina.819010_INMET","MA","Carolina",-7.34,-47.46,192,23866,7,26.57884703,65965,6051.3,947.1,0
"BRA_MA_Caxias.817920_INMET","MA","Caxias",-4.82,-43.34,76,161137,7,26.37559361,67962,5977.1,867.7,0
"BRA_MA_Chapadinha.817490_INMET","MA","Chapadinha",-3.74,-43.35,91,77684,8,26.89509132,69955,6166.7,1058.1,0
"BRA_MA_Colinas.818660_INMET","MA","Colinas",-6.03,-44.23,179,40268,7,26.05405251,63875,5859.7,755.5,0
"BRA_MA_Estreito.818630_INMET","MA","Estreito",-6.65,-47.42,180,40629,7,25.84028539,62325,5781.7,685.9,0
"BRA_MA_Farol.Preguicas.817170_INMET","MA","Barreirinhas",-2.59,-42.71,0,12776,8,27.49762557,81337,6386.6,1276.6,0
"BRA_MA_Farol.Santana.822770_INMET","MA","Humberto de Campos",-2.27,-43.62,0,26197,8,27.35783105,80182,6335.6,1225.6,0
"BRA_MA_Grajau.818230_INMET","MA","Grajau",-5.82,-46.16,230,67626,7,26.1277968,63545,5886.6,784.8,0
"BRA_MA_Imperatriz.818220_INMET","MA","Imperatriz",-5.56,-47.46,126,253123,7,26.88878995,68889,6164.4,1055.6,0
"BRA_MA_Sao.Luis.817150_INMET","MA","Sao Luis",-2.53,-44.3,56,1073893,8,26.75603881,80130,6116,1006.1,0
"BRA_MA_Turiacu.821980_INMET","MA","Turiacu",-1.66,-45.37,41,34826,8,26.52660959,77929,6032.2,923.1,0
"BRA_MG_Aguas.Vermelhas.867220_INMET","MG","Aguas Vermelhas",-15.75,-41.46,740,13447,5,21.3909589,26508,4157.7,19.3,25.5
"BRA_MG_Aimores.868030_INMET","MG","Aimores",-19.5,-41.06,84,25694,5,24.66678082,49381,5353.4,500.6,0
"BRA_MG_Almenara.867430_INMET","MG","Almenara",-16.18,-40.69,208,41296,5,25.21611872,50674,5553.9,632.6,0
"BRA_MG_Araxa.867960_INMET","MG","Araxa",-19.59,-46.94,1020,102238,3,21.40135845,17608,4161.5,55.6,28.9
"BRA_MG_Belo.Horizonte-Pampulha.AP.868000_INMET","MG","Belo Horizonte",-19.82,-43.96,869,2502557,3,21.75207763,23883,4289.5,49.3,21.5
"BRA_MG_Buritis.867180_INMET","MG","Buritis",-15.62,-46.42,894,24351,6,22.2758105,29737,4480.7,65.2,3.5
"BRA_MG_Caldas.868460_INMET","MG","Caldas",-21.92,-46.39,1150,14396,3,17.86543379,14708,2873.4,0,508.8
"BRA_MG_Capelinha.867610_INMET","MG","Capelinha",-17.69,-42.52,932,37330,3,20.08090183,22170,3679.5,1.2,79.3
"BRA_MG_Carangola.868230_INMET","MG","Carangola",-20.73,-42.02,399,33463,2,22.02909817,30733,4390.6,171.8,64.5
"BRA_MG_Caratinga.835920_INMET","MG","Caratinga",-19.79,-42.14,615,90782,3,21.76799087,32888,4295.3,48.7,17.7
"BRA_MG_Chapada.Gaucha.867190_INMET","MG","Chapada Gaucha",-15.31,-45.62,880,12495,6,22.70187215,29456,4636.2,117.5,1.4
"BRA_MG_Conceicao.das.Alagoas.867940_INMET","MG","Conceicao das Alagoas",-19.99,-48.15,568,26018,6,22.77310502,31877,4662.2,184.1,15.5
"BRA_MG_Curvelo.867800_INMET","MG","Curvelo",-18.76,-44.43,670,78900,3,22.84289954,33384,4687.7,161.7,5.2
"BRA_MG_Diamantina.AP.867810_INMET","MG","Diamantina",-18.23,-43.65,1356,47952,3,18.62115297,12114,3146.7,1,226.5
"BRA_MG_Dores.do.Indaia.867970_INMET","MG","Dores do Indaia",-19.46,-45.6,722,13983,3,21.98504566,25960,4374.5,92.7,12.4
"BRA_MG_Espinosa.866950_INMET","MG","Espinosa",-14.92,-42.8,570,32151,6,25.0175,34827,5481.4,512.5,0
"BRA_MG_Florestal.867980_INMET","MG","Florestal",-19.89,-44.42,742,7209,2,20.19533105,21108,3721.3,16.4,183.4
"BRA_MG_Formiga.868200_INMET","MG","Formiga",-20.46,-45.45,878,68040,2,20.92432648,21121,3987.4,37.6,57.3
"BRA_MG_Governador.Valadares.835430_INMET","MG","Governador Valadares",-18.85,-41.95,263,278363,5,24.03278539,46591,5122,374.2,0
"BRA_MG_Guarda-Mor.867570_INMET","MG","Guarda-Mor",-17.77,-47.1,616,6738,2,21.13195205,25925,4063.2,10.7,26.2
"BRA_MG_Ibirite.868210_INMET","MG","Ibirite",-20.03,-44.01,1208,173873,2,19.95296804,16378,3632.8,0.5,76.6
"BRA_MG_Itaobim.867420_INMET","MG","Itaobim",-16.34,-41.29,266,21564,5,25.21686073,43853,5554.2,616.8,0
"BRA_MG_Ituiutaba.867750_INMET","MG","Ituiutaba",-18.97,-49.47,560,103333,6,23.26393836,35105,4841.3,207.7,3.8
"BRA_MG_Joao.Pinheiro.AP.867580_INMET","MG","Joao Pinheiro",-17.78,-46.12,870,48179,6,22.44853881,27340,4543.7,91.3,7.4
"BRA_MG_Juiz.de.Fora.836920_INMET","MG","Juiz de Fora",-21.76,-43.35,950,555284,3,18.59695205,16532,3137.9,1.8,306.2
"BRA_MG_Mantena.867840_INMET","MG","Mantena",-18.78,-40.98,214,28061,5,24.25599315,46955,5203.4,433,0
"BRA_MG_Maria.da.Fe.830150_INMET","MG","Maria da Fe",-22.31,-45.38,1276,14518,2,16.25302511,8046,2285.3,0,777.3
"BRA_MG_Mocambinho.867200_INMET","MG","Muzambinho",-15.09,-44.02,460,20432,3,24.8360274,42080,5415.2,481.5,0
"BRA_MG_Montalvania.866930_INMET","MG","Montalvania",-14.42,-44.37,512,15779,6,23.72989726,38440,5011.4,265.6,0
"BRA_MG_Monte.Verde.AP.868700_INMET","MG","Camanducaia",-22.86,-46.03,1500,21080,1,15.27776256,4058,1940,0,1045.7
"BRA_MG_Montes.Claros.867400_INMET","MG","Montes Claros",-16.74,-43.86,646,394350,6,23.66982877,28498,4989.5,279.2,0
"BRA_MG_Muriae.868520_INMET","MG","Muriae",-21.13,-42.37,297,107263,3,23.24676941,45618,4835.1,276.6,4.2
"BRA_MG_Ouro.Branco.868230_INMET","MG","Ouro Branco",-20.52,-43.69,1061,38249,3,19.67384703,20447,3531,0.8,142.1
"BRA_MG_Passa.Quatro.837370_INMET","MG","Passa Quatro",-22.39,-44.97,1040,16353,2,18.2877968,13760,3025,0,360
"BRA_MG_Passos.868190_INMET","MG","Passos",-20.75,-46.63,875,113122,4,20.67110731,23529,3895,25.1,78.5
"BRA_MG_Patrocinio.867780_INMET","MG","Patrocinio",-18.94,-46.99,976,88648,4,20.32144977,18790,3767.3,20,67.7
"BRA_MG_Pirapora.AP.867590_INMET","MG","Pirapora",-17.34,-44.94,489,56229,4,23.72343607,39040,5009.1,267.2,0.8
"BRA_MG_Rio.Pardo.de.Minas.867210_INMET","MG","Rio Pardo de Minas",-15.72,-42.44,853,30732,5,21.57821918,27296,4226.1,30.8,12.1
"BRA_MG_Sacramento.867950_INMET","MG","Sacramento",-19.86,-47.44,912,25630,3,21.79762557,21815,4306.1,51.6,39.7
"BRA_MG_Salinas.867410_INMET","MG","Salinas",-16.17,-42.29,495,41301,3,23.27094749,36226,4843.9,213.8,2.1
"BRA_MG_Sao.Joao.del.Rei.836880_INMET","MG","Sao Joao del Rei",-21.14,-44.26,991,89378,2,19.35915525,19233,3416.1,1,229.4
"BRA_MG_Sao.Romao.867390_INMET","MG","Sao Romao",-16.37,-45.07,460,11553,6,24.02018265,46261,5117.4,376,0.2
"BRA_MG_Serra.dos.Aimores.867630_INMET","MG","Serra dos Aimores",-17.78,-40.25,208,8767,5,23.25797945,47481,4839.2,230.8,2
"BRA_MG_Teofilo.Otoni.867620_INMET","MG","Teofilo Otoni",-17.86,-41.51,475,141046,5,22.38800228,37296,4521.6,126.2,13.1
"BRA_MG_Timoteo.868010_INMET","MG","Timoteo",-19.58,-42.64,333,87542,3,22.83237443,35093,4683.8,144.6,0.1
"BRA_MG_Tres.Marias.867790_INMET","MG","Tres Marias",-18.21,-45.24,921,31028,4,21.96792237,27752,4368.3,60.4,15.1
"BRA_MG_Uberlandia.867760_INMET","MG","Uberlandia",-18.92,-48.28,869,662362,4,22.9453653,22591,4725.1,154.1,17.6
"BRA_MG_Unai.AP.834280_INMET","MG","Unai",-16.36,-46.91,631,82887,6,23.4338242,37049,4903.3,190.4,1.8
"BRA_MG_Varginha.868480_INMET","MG","Varginha",-21.55,-45.43,955,132353,2,19.55253425,16253,3486.7,6.7,165.9
"BRA_MG_Vicosa.836420_INMET","MG","Vicosa",-20.75,-42.88,712,77318,3,19.99050228,23415,3646.5,2,140.8
"BRA_MS_Amambai.868940_INMET","MS","Amambai",-23,-55.33,431,37590,3,21.93819635,31185,4357.9,211.8,166.7
"BRA_MS_Campo.Grande.Intl.AP.868100_INMET","MS","Campo Grande",-20.44,-54.65,530,853622,6,23.44772831,33024,4908.4,310.3,51.3
"BRA_MS_Chapadao.do.Sul.867720_INMET","MS","Chapadao do Sul",-18.79,-52.62,818,22620,6,22.39607306,29704,4524.6,87.5,39.8
"BRA_MS_Corumba.Intl.AP.835520_INMET","MS","Corumba",-19.01,-57.65,126,108656,8,25.90272831,54206,5804.5,1087.4,63
"BRA_MS_Coxim.867700_INMET","MS","Coxim",-18.3,-54.44,252,33139,6,24.71479452,50777,5370.9,560.2,9.4
"BRA_MS_Dourados.836590_INMET","MS","Dourados",-22.22,-54.81,469,212870,3,22.68562785,32237,4630.4,289.2,107.2
"BRA_MS_Ivinhema.868600_INMET","MS","Ivinhema",-22.31,-53.81,373,22928,5,23.6878653,36771,4996.1,461.7,76.6
"BRA_MS_Juti.868590_INMET","MS","Juti",-22.86,-54.61,379,6399,3,22.88667808,37998,4706.6,389.5,163.3
"BRA_MS_Miranda.868070_INMET","MS","Miranda",-20.24,-56.38,140,27104,5,24.61140411,46319,5333.2,706.5,68.9
"BRA_MS_Nhumirim.867680_INMET","MS","Nhecolandia",-18.99,-56.62,104,1605,5,24.88297945,54749,5432.3,691.6,29.9
"BRA_MS_Ponta.Pora.868570_INMET","MS","Ponta Pora",-22.54,-55.73,650,86717,3,21.29077626,25588,4130,180.7,237.5
"BRA_MS_Porto.Murtinho.AP.868330_INMET","MS","Porto Murtinho",-21.7,-57.88,85,16514,5,25.43723744,50409,5637.1,1142.3,165.1
"BRA_MS_Rio.Brilhante.868360_INMET","MS","Rio Brilhante",-21.78,-54.53,329,34776,3,23.28892694,37469,4850.9,368.7,80.2
"BRA_MS_Sete.Quedas.868950_INMET","MS","Sete Quedas",-23.97,-55.02,402,10832,3,22.33676941,30578,4505.6,295.4,165.3
"BRA_MS_Sidrolandia.868090_INMET","MS","Sidrolandia",-20.98,-54.97,464,51355,5,23.3403653,40425,4874.2,378.9,116.9
"BRA_MS_Tres.Lagoas.AP.868130_INMET","MS","Tres Lagoas",-20.75,-51.68,313,113619,6,24.35038813,37437,5237.9,529.3,23.7
"BRA_MT_Agua.Boa.866860_INMET","MT","Agua Boa",-14.05,-52.16,432,23551,6,24.94936073,52848,5456.5,431.2,0
"BRA_MT_Alto.Taquari.867500_INMET","MT","Alto Taquari",-17.82,-53.29,875,9674,6,22.33688356,27221,4503,93.8,17.4
"BRA_MT_Apiacas.819760_INMET","MT","Apiacas",-9.54,-57.45,220,9400,8,25.6527968,63901,5713.3,620.1,0
"BRA_MT_Campo.Novo.do.Parecis.866620_INMET","MT","Campo Novo do Parecis",-13.68,-57.89,570,31985,5,24.08106164,41660,5139.6,257.7,9.8
"BRA_MT_Campo.Verde.867070_INMET","MT","Campo Verde",-15.55,-55.17,749,37989,6,23.03643836,34140,4758.3,157.9,18.9
"BRA_MT_Carlinda.819780_INMET","MT","Carlinda",-9.97,-55.83,300,10364,8,25.495879,61777,5656,577.9,0
"BRA_MT_Comodoro.866610_INMET","MT","Comodoro",-13.66,-59.79,591,19536,5,22.42945205,44105,4536.8,33.8,27.6
"BRA_MT_Confresa.866060_INMET","MT","Confresa",-10.65,-51.57,237,28339,7,26.1360274,63396,5889.7,785.6,0
"BRA_MT_Cotriguacu.829270_INMET","MT","Cotriguacu",-9.86,-58.41,261,17716,8,24.623379,59436,5337.5,308.8,0
"BRA_MT_Cuiaba.867050_INMET","MT","Cuiaba",-15.62,-56,151,580489,7,26.26649543,59551,5937.3,1002.5,13.7
"BRA_MT_Gaucha.do.Norte.866660_INMET","MT","Gaucha do Norte",-13.18,-53.26,379,7036,6,25.2183105,54812,5554.7,488,0
"BRA_MT_Guaranta.do.Norte.819790_INMET","MT","Guaranta do Norte",-9.79,-54.91,320,33929,8,25.04244292,60587,5490.5,415.3,0
"BRA_MT_Guiratinga.867290_INMET","MT","Guiratinga",-16.34,-53.77,526,14496,6,24.69503425,40880,5363.7,450.7,1.4
"BRA_MT_Itiquira.867480_INMET","MT","Itiquira",-17.18,-54.5,585,12472,6,24.02300228,44370,5118.4,352.6,35
"BRA_MT_Juara.866250_INMET","MT","Juara",-11.26,-57.52,260,33610,8,25.8822032,60315,5797,751.1,4.5
"BRA_MT_Juina.866240_INMET","MT","Juina",-11.38,-58.74,200,39688,8,24.84584475,59355,5418.7,380.4,1.1
"BRA_MT_Nova.Maringa.866630_INMET","MT","Nova Maringa",-13.04,-57.09,353,7764,5,26.33195205,67402,5961.2,916.5,2.1
"BRA_MT_Novo.Mundo.866430_INMET","MT","Novo Mundo",-12.52,-58.23,431,8364,8,24.77228311,48489,5391.9,426.7,0.2
"BRA_MT_Paranatinga.866840_INMET","MT","Paranatinga",-14.43,-54.05,474,21014,6,24.45489726,42882,5276,345,0
"BRA_MT_Pontes.de.Lacerda.867020_INMET","MT","Pontes e Lacerda",-15.25,-59.35,256,43235,6,25.33745434,57566,5598.2,662.2,14.9
"BRA_MT_Porto.Estrela.867040_INMET","MT","Porto Estrela",-15.32,-57.23,145,3158,8,25.39585616,57235,5619.5,701.2,6.9
"BRA_MT_Querencia.866470_INMET","MT","Querencia",-12.63,-52.22,382,15597,7,25.02890411,56753,5485.6,420.7,0
"BRA_MT_Rondonopolis.867280_INMET","MT","Rondonopolis",-16.47,-54.64,284,215320,6,25.49202055,51572,5654.6,686.3,8.9
"BRA_MT_Salto.do.Ceu.867030_INMET","MT","Salto do Ceu",-15.12,-58.13,303,3502,5,24.56363014,54630,5315.7,451.7,18.2
"BRA_MT_Santo.Antonio.do.Leste.866850_INMET","MT","Santo Antonio do Leste",-14.93,-53.88,648,4591,6,23.68252283,41790,4994.1,189.8,4.2
"BRA_MT_Sao.Felix.do.Araguaia.866280_INMET","MT","Sao Felix do Araguaia",-11.62,-50.73,218,11125,7,26.22321918,52803,5921.5,816.5,0
"BRA_MT_Sao.Jose.do.Rio.Claro.866640_INMET","MT","Sao Jose do Rio Claro",-13.45,-56.72,350,19052,5,24.77842466,55233,5394.1,445.2,3.6
"BRA_MT_Sinop.866260_INMET","MT","Sinop",-11.86,-55.5,371,129916,8,25.07813927,49712,5503.5,481,0
"BRA_MT_Sorriso.866450_INMET","MT","Sorriso",-12.55,-55.71,380,80298,5,25.36191781,52533,5607.1,552.2,0
"BRA_MT_Tangara.da.Serra.866820_INMET","MT","Tangara da Serra",-14.62,-57.49,322,94289,7,24.6294863,48100,5339.8,475.8,34.4
"BRA_MT_Vila.Bela.da.Santissima.Trindade.867010_INMET","MT","Vila Bela da Santissima Trindade",-15.01,-59.95,222,15274,5,24.8040411,54607,5403.5,579.4,16.7
"BRA_PA_Belem.816800_INMET","PA","Belem",-1.46,-48.5,24,1439561,8,27.15961187,81393,6263.3,1153.3,0
"BRA_PA_Braganca.816850_INMET","PA","Braganca",-1.05,-46.78,33,121528,8,26.47391553,76046,6013,905.7,0
"BRA_PA_Cameta.817100_INMET","PA","Cameta",-2.25,-49.49,22,130868,8,27.21635845,79480,6284,1174.4,0
"BRA_PA_Castanhal.816820_INMET","PA","Castanhal",-1.3,-47.92,65,189784,8,26.20378995,75326,5914.4,804.4,0
"BRA_PA_Conceicao.do.Araguaia.819400_INMET","PA","Conceicao do Araguaia",-6.28,-49.27,180,46395,8,26.76690639,66111,6119.9,1013.8,0
"BRA_PA_Itaituba.817780_INMET","PA","Itaituba",-4.28,-55.99,13,98446,8,26.86221461,77772,6154.7,1044.7,0
"BRA_PA_Maraba.825620_INMET","PA","Maraba",-5.37,-49.12,84,262085,8,26.49401826,73777,6020.3,914.1,0
"BRA_PA_Novo.Repartimento.817840_INMET","PA","Novo Repartimento",-4.26,-49.93,113,70835,8,26.31906393,72854,5956.5,849.3,0
"BRA_PA_Pacaja.817420_INMET","PA","Pacaja",-3.84,-50.64,108,44778,8,26.09781963,71509,5875.7,766.9,0
"BRA_PA_Paragominas.817450_INMET","PA","Paragominas",-3.01,-47.34,101,107010,8,26.36994292,69758,5975,867.5,0
"BRA_PA_Placas.817370_INMET","PA","Placas",-3.86,-54.22,96,28533,8,26.26666667,72425,5937.3,829.7,0
"BRA_PA_Rondon.do.Para.817860_INMET","PA","Rondon do Para",-4.78,-48.07,221,49977,8,26.33827626,64822,5963.5,855.6,0
"BRA_PA_Salinopolis.816600_INMET","PA","Salinopolis",-0.62,-47.35,20,39078,8,27.16197489,79450,6264.1,1154.6,0
"BRA_PA_Santana.do.Araguaia.819820_INMET","PA","Santana do Araguaia",-9.34,-50.33,168,67033,8,26.33135845,65808,5960.9,857,0
"BRA_PA_Serra.dos.Carajas.818600_INMET","PA","Maraba",-6.08,-50.14,719,262085,8,23.66492009,51709,4987.7,178,0
"BRA_PA_Soure.821410_INMET","PA","Soure",-0.81,-48.52,11,24286,8,28.07552511,84723,6597.6,1487.6,0
"BRA_PA_Tome.Acu.817110_INMET","PA","Tome Acu",-2.59,-48.36,38,60456,8,25.9977968,71173,5839.2,731.7,0
"BRA_PA_Tucurui.817430_INMET","PA","Tucurui",-3.82,-49.68,148,107189,8,27.36156393,78681,6337,1227,0
"BRA_PB_Areia.818770_INMET","PB","Areia",-6.96,-35.69,575,23110,8,22.47221461,49588,4552.4,6.7,0
"BRA_PB_Cabaceiras.819150_INMET","PB","Cabaceiras",-7.48,-36.29,436,5449,8,25.37600457,51868,5612.2,585.1,0
"BRA_PB_Camaratuba.818780_INMET","PB","Mataraca",-6.61,-35.13,136,8219,8,24.85134703,63149,5420.7,378.2,0
"BRA_PB_Campina.Grande.819160_INMET","PB","Campina Grande",-7.23,-35.88,548,405072,8,23.62342466,48331,4972.6,126.5,0
"BRA_PB_Joao.Pessoa.819180_INMET","PB","Joao Pessoa",-7.11,-34.86,44,791438,8,26.01545662,67669,5845.6,751.4,0
"BRA_PB_Monteiro.819140_INMET","PB","Monteiro",-7.89,-37.12,604,32774,6,24.2397032,39734,5197.5,335.9,0
"BRA_PB_Patos.819130_INMET","PB","Patos",-7.02,-37.28,249,106314,7,27.24381279,54248,6294,1184.8,0
"BRA_PB_Sao.Goncalo.817740_INMET","PB","Sousa",-6.84,-38.31,234,68822,7,26.82941781,56448,6142.7,1041.4,0
"BRA_PE_Arcoverde.819530_INMET","PE","Arcoverde",-8.42,-37.05,681,72625,7,23.58666667,34332,4959.1,237.9,0
"BRA_PE_Cabrobo.828860_INMET","PE","Cabrobo",-8.5,-39.31,342,33247,7,26.78030822,51343,6124.8,1029.4,0
"BRA_PE_Caruaru.828950_INMET","PE","Caruaru",-8.24,-35.99,550,347088,8,23.33968037,43168,4869,113.4,0
"BRA_PE_Floresta.819770_INMET","PE","Floresta",-8.61,-38.59,329,31809,7,26.60287671,54577,6060,975.4,0
"BRA_PE_Garanhuns.819550_INMET","PE","Garanhuns",-8.89,-36.49,823,136949,5,21.03924658,30681,4029.3,7.1,5.7
"BRA_PE_Ibimirim.819540_INMET","PE","Ibimirim",-8.51,-37.71,448,28604,8,25.59972603,45567,5693.9,729.8,0
"BRA_PE_Palmares.819570_INMET","PE","Palmares",-8.67,-35.57,180,62300,8,25.0530137,60854,5494.4,469.3,0
"BRA_PE_Petrolina.819910_INMET","PE","Petrolina",-9.39,-40.51,370,331951,7,26.91041096,46573,6172.3,1069.6,0
"BRA_PE_Recife.819580_INMET","PE","Recife",-8.05,-34.88,10,1617183,8,25.75100457,63550,5749.1,660.9,0
"BRA_PE_Serra.Talhada.819120_INMET","PE","Serra Talhada",-7.95,-38.29,461,84352,6,25.26196347,44000,5570.6,590.3,0
"BRA_PE_Surubim.819170_INMET","PE","Surubim",-7.84,-35.79,418,63166,8,24.21863014,51945,5189.8,282.9,0
"BRA_PI_Alvorada.do.Gurgueia.818460_INMET","PI","Alvorada do Gurgueia",-8.44,-43.86,270,5278,7,26.30535388,56968,5951.5,860.7,0
"BRA_PI_Bom.Jesus.do.Piaui.829750_INMET","PI","Bom Jesus",-9.07,-44.36,331,24327,7,26.39155251,54218,5982.9,892.3,0
"BRA_PI_Caracol.819880_INMET","PI","Caracol",-9.29,-43.32,100,10641,7,24.69560502,38258,5363.9,462.5,0
"BRA_PI_Castelo.do.Piaui.818290_INMET","PI","Castelo do Piaui",-5.35,-41.51,286,18160,7,27.32623288,58176,6324.1,1217.5,0
"BRA_PI_Esperantina.817510_INMET","PI","Esperantina",-3.9,-42.26,65,38874,8,26.98109589,69254,6198.1,1088.2,0
"BRA_PI_Floriano.818680_INMET","PI","Floriano",-6.77,-43.02,123,58803,7,27.58409817,62102,6418.2,1308.9,0
"BRA_PI_Gilbues.819860_INMET","PI","Gilbues",-9.87,-45.35,425,10514,7,26.49365297,49846,6020.2,922.5,0
"BRA_PI_Oeiras.818690_INMET","PI","Oeiras",-6.97,-42.15,156,36329,7,26.79577626,58489,6130.5,1024.9,0
"BRA_PI_Parnaiba.817520_INMET","PI","Parnaiba",-2.9,-41.78,80,149803,8,27.34453196,72895,6330.8,1220.9,0
"BRA_PI_Paulistana.828820_INMET","PI","Paulistana",-8.14,-41.15,374,20168,7,27.58108447,46271,6417.1,1310.4,0
"BRA_PI_Picos.827910_INMET","PI","Picos",-7.07,-41.4,233,76544,7,28.21813927,53316,6649.6,1540.3,0
"BRA_PI_Piripiri.817940_INMET","PI","Piripiri",-4.27,-41.78,161,62650,7,27.90363014,63107,6534.8,1425.1,0
"BRA_PI_Sao.Joao.do.Piaui.818480_INMET","PI","Sao Joao do Piaui",-8.36,-42.25,235,20146,7,28.24011416,49850,6657.6,1549.7,0
"BRA_PI_Sao.Pedro.do.Piaui.818280_INMET","PI","Sao Pedro do Piaui",-5.91,-42.72,287,13994,7,26.23461187,61508,5925.6,823.8,0
"BRA_PI_Sao.Raimundo.Nonato.819890_INMET","PI","Sao Raimundo Nonato",-9.03,-42.7,402,33802,7,27.03424658,48108,6217.5,1109.7,0
"BRA_PI_Teresina.818320_INMET","PI","Teresina",-5.09,-42.8,74,844245,7,27.6931621,66092,6458,1348.3,0
"BRA_PI_Urucui.819050_INMET","PI","Urucui",-7.47,-44.34,393,21011,7,25.81405251,53070,5772.1,689,0
"BRA_PI_Valenca.do.Piaui.818700_INMET","PI","Valenca do Piaui",-6.4,-41.74,301,20568,7,27.06648402,54109,6229.3,1122.7,0
"BRA_PR_Castro.869210_INMET","PR","Castro",-24.79,-50.01,1008,70810,1,16.87437215,9763,2510.6,0,715.7
"BRA_PR_Cidade.Gaucha.868980_INMET","PR","Cidade Gaucha",-23.36,-52.93,381,12069,3,22.8206621,31382,4679.5,333.5,87.5
"BRA_PR_Clevelandia.869390_INMET","PR","Clevelandia",-26.42,-52.35,980,17373,1,17.5685274,10521,2785,0.8,606.7
"BRA_PR_Curitiba.838420_INMET","PR","Curitiba",-25.43,-49.27,924,1879355,1,17.38077626,9397,2695.1,0.1,598.6
"BRA_PR_Diamante.do.Norte.868610_INMET","PR","Diamante do Norte",-22.64,-52.89,362,5463,3,22.79497717,33273,4670.2,301.3,75.5
"BRA_PR_Dois.Vizinhos.869270_INMET","PR","Dois Vizinhos",-25.69,-53.09,520,39138,2,20.0176484,20398,3662.6,55.7,300.3
"BRA_PR_Foz.do.Iguacu-Cataratas.Intl.AP.869250_INMET","PR","Foz do Iguacu",-25.6,-54.48,231,263782,3,21.54128995,38498,4215.7,322.5,332.4
"BRA_PR_General.Carneiro.869410_INMET","PR","General Carneiro",-26.4,-51.35,1018,14039,2,15.84160959,38156,2157.2,0,1002.7
"BRA_PR_Ibaiti.869020_INMET","PR","Ibaiti",-23.77,-50.18,930,30678,2,20.21466895,19405,3728.5,66,204.1
"BRA_PR_Icaraima.868970_INMET","PR","Icaraima",-23.4,-53.61,385,8641,3,22.41539954,32289,4534.6,295.8,163.7
"BRA_PR_Ilha.do.Mel.869350_INMET","PR","Paranagua",-25.57,-48.32,1,150660,3,21.06252283,38011,4037.8,84.5,72.8
"BRA_PR_Inacio.Martins.869290_INMET","PR","Inacio Martins",-25.57,-51.08,1260,11307,2,16.28953196,9520,2350.5,0,857.4
"BRA_PR_Ivai.869300_INMET","PR","Ivai",-25.01,-50.86,808,13628,2,19.09050228,20315,3328.9,9.4,427.3
"BRA_PR_Joaquim.Tavora.869030_INMET","PR","Joaquim Tavora",-23.5,-49.9,522,11544,2,20.51113014,23773,3838.2,51.1,171.1
"BRA_PR_Londrina.837680_INMET","PR","Londrina",-23.38,-51.18,566,548249,3,21.8308105,34996,4318.2,124.7,139.4
"BRA_PR_Marechal.Candido.Rondon.869160_INMET","PR","Marechal Candido Rondon",-24.56,-54.06,392,50808,3,21.40307078,27808,4164.9,145.3,192
"BRA_PR_Maringa.868990_INMET","PR","Maringa",-23.42,-51.94,542,397437,1,23.02703196,31362,4754.9,292.6,99.7
"BRA_PR_Nova.Fatima.869010_INMET","PR","Nova Fatima",-23.43,-50.56,668,8359,3,20.77063927,21720,3931.5,26.2,148.4
"BRA_PR_Nova.Tebas.869190_INMET","PR","Nova Tebas",-24.44,-51.94,654,6792,2,20.20173516,20099,3723.6,29.1,198.8
"BRA_PR_Paranapoema.868620_INMET","PR","Paranapoema",-22.49,-52.13,311,3050,3,22.86751142,33656,4696.6,294.8,56.4
"BRA_PR_Planalto.869260_INMET","PR","Planalto",-25.72,-53.75,346,13926,2,21.32466895,28010,4138.3,212.3,217.9
"BRA_RJ_Arraial.do.Cabo.868920_INMET","RJ","Arraial do Cabo",-22.97,-42.03,4,29097,3,22.93054795,51503,4719.7,98,0
"BRA_RJ_Cambuci.868540_INMET","RJ","Cambuci",-21.58,-41.91,35,14836,5,23.304121,44796,4856,304.4,8.4
"BRA_RJ_Campos.dos.Goytacazes.868550_INMET","RJ","Campos dos Goytacazes",-21.75,-41.32,25,483970,5,24.01347032,55121,5114.9,388.8,0
"BRA_RJ_Duque.de.Caxias-Xerem.868770_INMET","RJ","Duque de Caxias",-22.57,-43.3,0,882729,5,23.05347032,46752,4764.5,305.2,9.4
"BRA_RJ_Farol.de.Sao.Tome.868900_INMET","RJ","Campos dos Goytacazes",-22.04,-41.05,4,483970,5,23.78877854,53027,5032.9,269.6,0
"BRA_RJ_Macae.868910_INMET","RJ","Macae",-22.37,-41.79,32,234628,5,23.57098174,53567,4953.4,309.1,1.1
"BRA_RJ_Niteroi.868810_INMET","RJ","Niteroi",-22.91,-43.13,13,496696,5,21.9460274,36412,4360.3,97.3,18.1
"BRA_RJ_Paraty.869130_INMET","RJ","Parati",-23.22,-44.71,4,40478,3,22.01192922,43001,4384.4,117.1,12.4
"BRA_RJ_Petropolis-Pico.do.Couto.868760_INMET","RJ","Petropolis",-22.46,-43.3,1777,298142,3,13.60248858,1957,1382.7,0,1610
"BRA_RJ_Resende.837380_INMET","RJ","Resende",-22.47,-44.45,440,125214,3,20.70146119,29620,3906,33.4,79.6
"BRA_RJ_Rio.de.Janeiro-Vila.Militar.868790_INMET","RJ","Rio de Janeiro",-22.86,-43.41,45,6476631,8,23.15115297,45016,4800.2,296.3,5.6
"BRA_RJ_Teresopolis.868880_INMET","RJ","Teresopolis",-22.41,-42.97,980,173060,2,17.8371347,14780,2863.9,0.3,452.1
"BRA_RJ_Valenca.868750_INMET","RJ","Valenca",-22.25,-43.7,367,73725,3,22.14452055,36972,4432.8,154.9,56.3
"BRA_RN_Apodi.818350_INMET","RN","Apodi",-5.63,-37.83,150,36189,8,26.76208904,63454,6118.2,1011.4,0
"BRA_RN_Caico.818750_INMET","RN","Caico",-6.46,-37.1,170,67259,7,27.77422374,54786,6487.6,1378.8,0
"BRA_RN_Macau.818360_INMET","RN","Macau",-5.11,-36.63,3,31318,8,26.90243151,69707,6169.4,1059.4,0
"BRA_RN_Mossoro.818340_INMET","RN","Mossoro",-5.19,-37.34,36,288162,7,26.71141553,66600,6099.7,990.2,0
"BRA_RN_Natal.818390_INMET","RN","Natal",-5.8,-35.21,49,869954,8,26.90243151,69706,6169.4,1059.4,0
"BRA_RN_Touros.818380_INMET","RN","Touros",-5.16,-35.49,17,33506,8,26.84059361,74562,6146.8,1038.6,0
"BRA_RO_Ariquemes.819700_INMET","RO","Ariquemes",-9.95,-62.96,140,104401,8,25.63237443,69295,5705.8,619.5,0.3
"BRA_RO_Cacoal.866220_INMET","RO","Cacoal",-11.45,-61.43,210,87226,8,26.14655251,63468,5893.5,806,0
"BRA_RO_Porto.Velho.819320_INMET","RO","Porto Velho",-8.76,-63.9,95,502748,8,25.93243151,73290,5815.3,724.6,0
"BRA_RO_Vilhena.866420_INMET","RO","Vilhena",-12.73,-60.16,590,91801,8,24.21474886,48789,5188.4,276.9,8.1
"BRA_RR_Boa.Vista.816150_INMET","RR","Boa Vista",2.8,-60.65,90,320714,8,27.01122146,74233,6209.1,1100.9,0
"BRA_RS_Alegrete.869750_INMET","RS","Alegrete",-29.78,-55.79,121,78499,2,19.15522831,20029,3374.1,168,674.2
"BRA_RS_Bage.839800_INMET","RS","Bage",-31.33,-54.11,230,121749,2,17.63134703,13609,2825,49.4,802.9
"BRA_RS_Bento.Goncalves.869790_INMET","RS","Bento Goncalves",-29.17,-51.52,640,113287,1,17.1763242,11243,2660,7.6,781.6
"BRA_RS_Cacapava.do.Sul.869860_INMET","RS","Cacapava do Sul",-30.51,-53.49,420,34654,2,17.59594749,14529,2812.5,24.7,780.4
"BRA_RS_Camaqua.869890_INMET","RS","Camaqua",-30.81,-51.83,108,65835,2,17.92069635,19668,2915,24.1,721.1
"BRA_RS_Canela.AP.869800_INMET","RS","Canela",-29.37,-50.83,830,42411,1,15.64268265,10764,2165.3,1.6,1152.4
"BRA_RS_Cangucu.869930_INMET","RS","Cangucu",-31.41,-52.7,464,55801,2,16.24605023,13691,2371.3,4.4,1072.6
"BRA_RS_Chui.869980_INMET","RS","Chui",-33.74,-53.37,26,6368,2,17.24181507,17946,2675,27.7,912.9
"BRA_RS_Cruz.Alta.839120_INMET","RS","Cruz Alta",-28.6,-53.67,432,63776,2,18.57393836,15826,3167.6,56.6,625.4
"BRA_RS_Erechim.869540_INMET","RS","Erechim",-27.63,-52.27,765,102345,2,17.45283105,10287,2743,4.9,706.9
"BRA_RS_Frederico.Westphalen.869510_INMET","RS","Frederico Westphalen",-27.4,-53.43,490,30558,3,19.25374429,17786,3406.1,58.6,487.7
"BRA_RS_Jaguarao.869960_INMET","RS","Jaguarao",-32.57,-53.38,47,28310,2,17.860879,17951,2895,46.3,787.1
"BRA_RS_Lagoa.Vermelha.869650_INMET","RS","Lagoa Vermelha",-28.22,-51.51,842,28431,2,16.61941781,7581,2465.8,1.8,859.7
"BRA_RS_Mostardas.839700_INMET","RS","Mostardas",-31.25,-50.91,10,12720,2,18.87122146,22625,3242.2,12,505.1
"BRA_RS_Palmeira.das.Missoes.869530_INMET","RS","Palmeira das Missoes",-27.92,-53.32,642,34974,2,18.37181507,13793,3093.9,24.9,583.6
"BRA_RS_Passo.Fundo.869630_INMET","RS","Passo Fundo",-28.26,-52.41,684,196739,2,17.50045662,11244,2778.5,8.4,709.5
"BRA_RS_Porto.Alegre.869880_INMET","RS","Porto Alegre",-30.03,-51.23,47,1476867,3,20.02686073,23954,3664.6,153.9,361.9
"BRA_RS_Quarai.869820_INMET","RS","Quarai",-30.37,-56.44,124,23579,2,19.05133562,17307,3340.1,202.1,735.6
"BRA_RS_Rio.Pardo.869780_INMET","RS","Rio Pardo",-29.87,-52.38,111,38934,2,18.79203196,20266,3229,73.5,600.7
"BRA_RS_Santa.Maria.839360_INMET","RS","Santa Maria",-29.68,-53.81,95,276108,2,19.04189498,21603,3318.6,129.6,589.9
"BRA_RS_Santana.do.Livramento.839530_INMET","RS","Santana do Livramento",-30.89,-55.53,328,82968,2,17.5811758,13597,2831.7,60.8,878.8
"BRA_RS_Santiago.869760_INMET","RS","Santiago",-29.19,-54.89,394,50635,2,18.62526256,21944,3191.7,98.2,728.6
"BRA_RS_Santo.Augusto.869520_INMET","RS","Santo Augusto",-27.85,-53.78,550,14349,2,19.04808219,12281,3316.3,70.6,489.7
"BRA_RS_Sao.Borja.869600_INMET","RS","Sao Borja",-28.66,-56,83,62990,2,20.6626484,23632,3907.6,299.7,445.6
"BRA_RS_Sao.Gabriel.869840_INMET","RS","Sao Gabriel",-30.34,-54.31,126,62785,2,19.07505708,38242,3334.3,148.1,643.1
"BRA_RS_Sao.Jose.dos.Ausentes.869670_INMET","RS","Sao Jose dos Ausentes",-28.75,-50.07,1244,3470,1,13.8006621,38196,1490.4,0,1554.4
"BRA_RS_Sao.Luiz.Gonzaga.869610_INMET","RS","Sao Luiz Gonzaga",-28.41,-54.96,245,35193,2,20.26398402,20849,3765.1,211.3,454.6
"BRA_RS_Soledade.869640_INMET","RS","Soledade",-28.85,-52.54,667,31261,2,17.40107306,15099,2760.5,16,838.1
"BRA_RS_Torres.869810_INMET","RS","Torres",-29.33,-49.73,5,37107,3,18.85308219,23481,3232.3,12.3,392.2
"BRA_RS_Tramandai.869900_INMET","RS","Tramandai",-30.01,-50.14,1,46369,2,18.97011416,24098,3276,12.8,400.2
"BRA_RS_Uruguaiana.869730_INMET","RS","Uruguaiana",-29.75,-57.09,62,129652,2,19.55009132,22380,3514.3,206.4,581.6
"BRA_RS_Vacaria.869660_INMET","RS","Vacaria",-28.51,-50.88,986,64857,1,15.64365297,8668,2142.4,0,1119.2
"BRA_SC_Ararangua.869710_INMET","SC","Ararangua",-28.93,-49.5,12,65769,2,19.36913242,29427,3420.9,49.2,427.6
"BRA_SC_Cacador.869430_INMET","SC","Cacador",-26.82,-50.84,952,75812,2,16.46221461,38239,2373.5,0,848.7
"BRA_SC_Curitibanos.AP.869560_INMET","SC","Curitibanos",-27.29,-50.6,982,39231,2,16.08818493,38230,2246.9,0,937.5
"BRA_SC_Dionisio.Cerqueira.869360_INMET","SC","Dionisio Cerqueira",-26.29,-53.63,810,15339,2,19.20011416,18681,3375.6,43.1,507.5
"BRA_SC_Florianopolis.838970_INMET","SC","Florianopolis",-27.6,-48.55,2,469690,3,20.91254566,28602,3983.1,71.4,148.3
"BRA_SC_Indaial.838720_INMET","SC","Indaial",-26.92,-49.27,86,63489,3,19.95671233,29916,3638.3,60.9,263.2
"BRA_SC_Itapoa.869470_INMET","SC","Itapoa",-26.12,-48.62,2,18137,5,19.94311644,32561,3631.2,38.1,224.2
"BRA_SC_Ituporanga.869570_INMET","SC","Ituporanga",-27.42,-49.65,484,24061,2,18.15084475,38233,2988.5,20.5,652.4
"BRA_SC_Joacaba-Santa.Terezinha.Muni.AP.869550_INMET","SC","Joacaba",-27.17,-51.56,776,29008,2,17.61929224,38242,2795.5,2.3,627.2
"BRA_SC_Major.Vieira.869420_INMET","SC","Major Vieira",-26.4,-50.36,808,7899,2,16.9647032,14683,2563.4,3.3,817.5
"BRA_SC_Novo.Horizonte.869380_INMET","SC","Novo Horizonte",-26.41,-52.85,960,2606,2,18.10191781,14884,2983.7,15.7,628
"BRA_SC_Rio.Negrinho.869450_INMET","SC","Rio Negrinho",-26.25,-49.58,869,41602,3,16.40135845,11029,2348.8,0.6,870.7
"BRA_SC_Santa.Marta.839250_INMET","SC","Laguna",-28.6,-48.81,52,44650,2,19.42950913,26524,3441.8,8.7,238.3
"BRA_SC_Sao.Joaquim.869690_INMET","SC","Sao Joaquim",-28.28,-49.93,1410,26247,1,13.63542237,1967,1424.8,0,1620.1
"BRA_SC_Sao.Miguel.do.Oeste.AP.869370_INMET","SC","Sao Miguel do Oeste",-26.78,-53.5,665,38984,2,19.65262557,19770,3560.4,120.4,482.6
"BRA_SC_Urubici.869680_INMET","SC","Urubici",-28.13,-49.48,1810,11102,1,10.83398402,38214,646,0,2615.6
"BRA_SC_Urussanga.869700_INMET","SC","Urussanga",-28.53,-49.32,48,21003,2,19.64513699,28543,3525.8,93,415.3
"BRA_SC_Xanxere.869400_INMET","SC","Xanxere",-26.94,-52.4,889,48370,2,18.04,10897,2954.9,9.9,584.6
"BRA_SE_Aracaju.866160_INMET","SE","Aracaju",-10.91,-37.07,5,632744,8,26.52906393,69882,6033.1,928,0
"BRA_SE_Brejo.Grande.866180_INMET","SE","Brejo Grande",-10.47,-36.48,10,8218,8,26.30893836,70834,5952.8,846.6,0
"BRA_SE_Carira.866150_INMET","SE","Carira",-10.4,-37.75,308,21484,8,24.17756849,52759,5174.8,397.7,0
"BRA_SE_Itabaianinha.866380_INMET","SE","Itabaianinha",-11.27,-37.79,208,41404,8,24.60308219,60096,5330.1,432.1,0
"BRA_SE_Poco.Verde.866140_INMET","SE","Poco Verde",-10.74,-38.11,362,23416,8,24.00705479,49089,5112.6,368.2,0
"BRA_SP_Ariranha.868410_INMET","SP","Ariranha",-21.13,-48.84,525,9277,6,22.18728311,30686,4448.4,134,36
"BRA_SP_Avare.869040_INMET","SP","Avare",-23.1,-48.93,654,88385,3,19.59372146,18450,3502,19.1,234.7
"BRA_SP_Bauru.837220_INMET","SP","Bauru",-22.32,-49.06,550,366992,4,20.84113014,23281,3957,46.9,112.1
"BRA_SP_Campinas.837210_INMET","SP","Campinas",-22.82,-47.06,640,1164098,3,22.04038813,31412,4394.7,128.4,49.6
"BRA_SP_Campos.do.Jordao.868720_INMET","SP","Campos do Jordao",-22.74,-45.59,1642,50852,1,15.31269406,3495,1950.1,0,1030
"BRA_SP_Casa.Branca.868440_INMET","SP","Casa Branca",-21.77,-47.09,730,29877,4,21.3831621,23278,4154.9,76.2,54.4
"BRA_SP_Franca.868180_INMET","SP","Franca",-20.54,-47.4,1026,342112,4,20.96240868,16564,4001.3,40.8,51.9
"BRA_SP_Ibitinga.868430_INMET","SP","Ibitinga",-21.86,-48.8,492,57649,3,21.91319635,29678,4348.3,122.7,47.9
"BRA_SP_Iguape.869230_INMET","SP","Iguape",-24.71,-47.56,3,30390,5,21.103379,40016,4052.7,101,96.8
"BRA_SP_Itapeva.837740_INMET","SP","Itapeva",-23.98,-48.88,707,92710,2,19.1084589,16171,3324.6,10.6,290.5
"BRA_SP_Itapira.868690_INMET","SP","Itapira",-22.42,-46.81,633,72967,3,21.22389269,24539,4096.7,59.9,73.1
"BRA_SP_Ituverava.868170_INMET","SP","Ituverava",-20.36,-47.78,600,40994,4,22.27479452,29736,4480.3,123.5,50.6
"BRA_SP_Jales.868140_INMET","SP","Jales",-20.27,-50.55,457,48922,6,23.90901826,35529,5076.8,347.7,13.2
"BRA_SP_Jose.Bonifacio.868390_INMET","SP","Jose Bonifacio",-21.1,-49.92,405,35538,6,22.91840183,34080,4715.2,238.6,24.6
"BRA_SP_Lins.868400_INMET","SP","Lins",-21.68,-49.74,459,76092,3,22.82987443,29664,4682.9,225,26.1
"BRA_SP_Ourinhos.868660_INMET","SP","Ourinhos",-22.98,-49.87,448,110282,3,20.91958904,26845,3985.6,67.6,133.3
"BRA_SP_Piracicaba.868680_INMET","SP","Piracicaba",-22.73,-47.65,573,391449,2,20.91993151,24979,3985.8,50.6,103.4
"BRA_SP_Presidente.Prudente.837160_INMET","SP","Presidente Prudente",-22.13,-51.39,436,222192,6,23.77913242,31084,5029.4,414,29.8
"BRA_SP_Rancharia.868640_INMET","SP","Rancharia",-22.37,-50.97,350,29778,6,21.37754566,29912,4153.8,115.6,135.5
"BRA_SP_Sao.Carlos.868450_INMET","SP","Sao Carlos",-22.02,-47.89,863,241389,4,20.28699772,18441,3754.8,27.4,131.7
"BRA_SP_Sao.Luis.do.Paraitinga.869120_INMET","SP","Sao Luis do Paraitinga",-23.23,-45.42,874,10731,3,19.71097032,23571,3544.5,28.9,308.5
"BRA_SP_Sao.Paulo.837810_INMET","SP","Sao Paulo",-23.85,-46.64,792,11967825,3,19.56762557,14172,3492.2,20.5,233.8
"BRA_SP_Sorocaba.838510_INMET","SP","Sorocaba",-23.5,-47.46,609,644919,3,20.43783105,24703,3810,40.1,187.2
"BRA_SP_Taubate.869110_INMET","SP","Taubate",-23.03,-45.56,571,302331,3,20.70429224,25913,3907.1,62.1,172.4
"BRA_SP_Valparaiso.868380_INMET","SP","Valparaiso",-21.32,-50.93,374,24993,6,23.30864155,33852,4857.7,298.7,27.2
"BRA_SP_Votuporanga.868150_INMET","SP","Votuporanga",-20.42,-49.97,486,91278,6,23.73343607,34279,5012.7,317.6,10.3
"BRA_TO_Araguaina.819000_INMET","TO","Araguaina",-7.18,-48.22,226,170183,7,25.12849315,61296,5521.9,432.3,0
"BRA_TO_Araguatins.818210_INMET","TO","Araguatins",-5.64,-48.11,117,34392,8,27.08803653,69257,6237.1,1128.4,0
"BRA_TO_Dianopolis.866320_INMET","TO","Dianopolis",-11.59,-46.85,732,21167,7,24.21027397,40313,5186.8,281.1,0
"BRA_TO_Formoso.do.Araguaia.866290_INMET","TO","Formoso do Araguaia",-11.78,-49.61,220,18742,7,26.63179224,54179,6070.6,966.7,0
"BRA_TO_Gurupi.866300_INMET","TO","Gurupi",-11.72,-49.08,287,83707,7,25.84962329,52730,5785.1,706.7,0
"BRA_TO_Palmas.866070_INMET","TO","Palmas",-10.17,-48.33,280,272726,7,26.82060502,56829,6139.5,1034.3,0
"BRA_TO_Parana.866500_INMET","TO","Parana",-12.6,-47.87,280,10573,6,25.93256849,49144,5815.4,731.7,0
"BRA_TO_Pedro.Afonso.819410_INMET","TO","Pedro Afonso",-8.97,-48.17,189,12900,7,26.3864726,67620,5981.1,877.7,0
"BRA_TO_Peixe.866490_INMET","TO","Peixe",-12.02,-48.54,242,11340,7,25.91891553,61788,5810.4,710.9,0
